Cluster 16	AT3G56190.1
Cluster 16	AT5G59850.1
Cluster 16	AT3G05590.1
Cluster 16	AT4G39330.1
Cluster 16	AT2G37270.2
Cluster 16	AT3G57610.1
Cluster 16	AT1G42970.1
Cluster 16	AT4G11820.2
Cluster 16	AT1G05190.1
Cluster 16	AT1G76030.1
Cluster 16	AT5G56680.1
Cluster 16	AT3G46740.1
Cluster 16	AT1G09010.1
Cluster 16	AT3G11630.1
Cluster 16	AT1G68540.1
Cluster 16	AT3G22330.1
Cluster 16	AT1G67430.1
Cluster 16	AT1G32060.1
Cluster 16	AT2G04030.1
Cluster 16	ATMG00480.1
Cluster 16	AT1G66430.1
Cluster 16	AT1G23310.1
Cluster 16	AT5G13030.1
Cluster 16	AT5G60600.1
Cluster 16	AT5G03290.1
Cluster 16	AT5G52650.1
Cluster 16	AT2G22400.1
Cluster 16	AT1G15940.1
Cluster 16	AT3G17390.1
Cluster 16	AT2G41220.1
Cluster 16	AT1G02050.1
Cluster 16	AT3G22110.1
Cluster 16	AT5G23060.1
Cluster 16	AT3G52850.1
Cluster 16	AT2G38700.1
Cluster 16	AT3G24830.1
Cluster 16	AT4G38970.1
Cluster 16	AT3G51160.1
Cluster 16	AT2G17930.1
Cluster 16	AT1G17880.1
Cluster 16	AT5G28740.1
Cluster 16	AT3G18740.1
Cluster 16	AT3G54960.1
Cluster 16	AT5G27850.1
Cluster 16	AT4G27070.1
Cluster 16	ATCG00340.1
Cluster 16	AT1G14830.1
Cluster 16	AT1G48520.1
Cluster 16	ATCG00270.1
Cluster 16	AT3G56090.1
Cluster 16	AT3G08580.2
Cluster 16	AT1G02840.1
Cluster 16	AT1G80600.1
Cluster 16	AT1G06550.1
Cluster 16	AT1G01960.1
Cluster 16	AT3G13390.1
Cluster 16	AT4G20850.1
Cluster 16	AT4G16155.1
Cluster 16	AT5G49810.1
Cluster 16	AT1G56110.1
Cluster 16	AT5G41520.1
Cluster 16	AT4G17090.1
Cluster 16	AT3G06860.1
Cluster 16	AT2G13540.1
Cluster 16	AT2G05220.2
Cluster 16	AT5G54770.1
Cluster 16	AT3G46970.1
Cluster 16	AT1G50010.1
Cluster 16	AT5G22880.1
Cluster 16	AT1G24360.1
Cluster 16	AT4G24620.1
Cluster 16	AT3G47520.1
Cluster 16	AT1G09770.1
Cluster 16	ATCG00350.1
Cluster 16	AT5G37830.1
Cluster 16	AT3G63170.1
Cluster 16	AT5G43010.1
Cluster 16	AT1G23800.1
Cluster 16	AT3G54470.1
Cluster 16	AT2G40840.1
Cluster 16	AT5G16440.1
Cluster 16	AT5G04590.1
Cluster 16	AT4G39690.1
Cluster 16	AT2G33730.1
Cluster 16	AT5G11670.1
Cluster 16	AT4G37930.1
Cluster 16	AT4G33010.1
Cluster 16	AT4G33650.2
Cluster 16	AT3G53580.1
Cluster 16	AT5G35530.1
Cluster 16	AT1G47250.1
Cluster 16	AT1G09780.1
Cluster 16	AT1G11650.2
Cluster 16	AT3G12290.1
Cluster 16	AT1G09210.1
Cluster 16	AT5G48230.2
Cluster 16	AT5G09810.1
Cluster 16	AT4G21710.1
Cluster 16	AT5G16070.1
Cluster 16	AT3G44110.1
Cluster 16	AT2G18960.1
Cluster 16	ATCG00680.1
Cluster 16	AT5G27470.1
Cluster 16	AT4G34450.1
Cluster 16	AT1G04190.1
Cluster 16	AT2G13560.1
Cluster 16	AT1G76400.1
Cluster 16	AT2G18040.1
Cluster 16	AT1G60710.1
Cluster 16	AT1G72970.1
Cluster 16	AT2G21870.1
Cluster 16	AT1G67280.1
Cluster 16	AT4G26900.1
Cluster 16	AT5G16710.1
Cluster 16	AT2G34480.1
Cluster 16	AT1G52400.3
Cluster 16	AT1G52040.1
Cluster 16	AT3G63490.1
Cluster 16	AT5G10980.1
Cluster 16	AT4G00570.1
Cluster 16	AT1G34430.1
Cluster 16	AT4G23895.3
Cluster 16	AT3G26400.1
Cluster 16	AT5G64270.1
Cluster 16	AT5G19550.1
Cluster 16	AT5G13520.1
Cluster 16	AT1G62380.1
Cluster 16	AT5G47030.1
Cluster 16	AT4G05530.1
Cluster 16	AT3G03960.1
Cluster 16	AT5G65110.1
Cluster 16	AT1G03475.1
Cluster 16	ATCG00160.1
Cluster 16	AT5G20890.1
Cluster 16	AT5G66760.1
Cluster 16	AT1G20010.1
Cluster 16	AT5G25757.1
Cluster 16	AT4G16130.1
Cluster 16	AT4G33090.1
Cluster 16	AT5G13380.1
Cluster 16	AT5G03630.1
Cluster 16	AT1G50250.1
Cluster 16	AT2G33150.1
Cluster 16	AT4G39280.2
Cluster 16	AT1G16920.1
Cluster 16	AT2G07690.1
Cluster 16	AT4G35420.1
Cluster 16	AT1G14320.1
Cluster 16	AT3G18890.1
Cluster 16	AT5G06290.1
Cluster 16	AT5G67360.1
Cluster 16	AT1G20330.1
Cluster 16	AT3G45140.1
Cluster 16	AT5G44630.1
Cluster 16	AT1G36160.2
Cluster 16	AT1G01090.1
Cluster 16	AT4G34490.1
Cluster 16	AT1G76550.1
Cluster 16	AT4G01050.1
Cluster 16	AT1G14980.1
Cluster 16	AT4G34670.1
Cluster 16	AT3G28780.1
Cluster 16	AT4G16760.1
Cluster 16	AT3G62870.1
Cluster 16	AT3G55440.1
Cluster 16	ATCG01130.1
Cluster 16	AT1G20200.1
Cluster 16	AT2G37220.1
Cluster 16	AT4G34110.1
Cluster 16	AT3G59990.4
Cluster 16	AT5G48810.1
Cluster 16	AT4G23850.1
Cluster 16	AT2G26080.1
Cluster 16	AT5G34850.1
Cluster 16	AT2G32920.1
Cluster 16	AT1G07140.1
Cluster 16	AT3G47340.1
Cluster 16	AT1G78900.2
Cluster 16	AT5G02500.1
Cluster 16	AT1G79870.1
Cluster 16	AT4G39080.1
Cluster 16	AT1G78300.1
Cluster 16	AT3G11830.1
Cluster 16	AT2G06990.1
Cluster 16	AT3G48690.1
Cluster 16	ATCG00120.1
Cluster 16	AT2G40060.1
Cluster 16	AT4G38740.1
Cluster 16	AT3G48930.1
Cluster 16	AT1G15820.1
Cluster 16	AT2G01140.1
Cluster 16	AT4G02570.4
Cluster 16	AT3G08940.2
Cluster 16	AT1G23190.1
Cluster 16	AT1G53310.3
Cluster 16	AT2G24940.1
Cluster 16	AT4G09800.1
Cluster 16	AT3G48560.1
Cluster 16	AT2G19730.3
Cluster 16	AT4G28080.1
Cluster 16	AT3G18060.1
Cluster 16	AT5G20280.1
Cluster 16	AT1G01610.1
Cluster 16	AT2G21660.1
Cluster 16	AT3G55750.1
Cluster 16	AT1G14850.1
Cluster 16	AT2G23350.1
Cluster 16	AT3G63140.1
Cluster 16	AT1G57860.1
Cluster 16	AT1G64520.1
Cluster 16	AT2G40490.1
Cluster 16	AT3G53870.1
Cluster 16	AT4G22010.1
Cluster 16	AT1G17290.1
Cluster 16	AT3G11710.1
Cluster 16	AT5G30510.1
Cluster 16	AT1G48850.1
Cluster 16	AT3G55220.1
Cluster 16	AT1G19570.1
Cluster 16	AT1G10840.1
Cluster 16	AT2G07560.1
Cluster 16	AT1G47980.1
Cluster 16	AT1G04750.1
Cluster 16	AT1G29880.1
Cluster 16	AT1G08360.1
Cluster 16	AT3G28860.1
Cluster 16	AT1G08520.1
Cluster 16	AT1G47260.1
Cluster 16	AT5G57655.2
Cluster 16	AT1G79440.1
Cluster 16	ATCG00380.1
Cluster 16	AT3G25530.1
Cluster 16	AT5G20290.1
Cluster 16	AT5G10360.1
Cluster 16	AT1G67230.1
Cluster 16	AT5G46070.1
Cluster 16	AT5G02450.1
Cluster 16	AT5G47770.1
Cluster 16	AT4G26840.1
Cluster 16	AT4G11600.1
Cluster 16	AT3G52930.1
Cluster 16	AT5G25780.1
Cluster 16	AT1G14610.1
Cluster 16	AT5G26710.1
Cluster 16	AT2G36190.1
Cluster 16	AT3G46440.2
Cluster 16	AT2G17420.1
Cluster 16	AT4G00100.1
Cluster 16	AT5G13420.1
Cluster 16	AT1G77940.1
Cluster 16	AT5G63570.1
Cluster 16	AT2G45640.1
Cluster 16	AT2G33040.1
Cluster 16	AT3G13470.1
Cluster 16	ATCG00480.1
Cluster 16	AT3G52960.1
Cluster 16	AT5G46210.1
Cluster 16	AT4G10320.1
Cluster 16	AT3G23990.1
Cluster 16	AT3G08943.1
Cluster 16	AT2G36460.1
Cluster 16	AT2G43030.1
Cluster 16	AT1G67990.1
Cluster 16	AT3G49910.1
Cluster 16	AT3G04790.1
Cluster 16	AT1G33140.1
Cluster 16	AT1G69500.1
Cluster 16	AT1G50200.1
Cluster 16	AT4G19410.2
Cluster 16	AT1G19870.1
Cluster 16	AT2G20140.1
Cluster 16	AT5G51820.1
Cluster 16	AT4G13360.1
Cluster 16	AT4G04640.1
Cluster 16	AT5G60790.1
Cluster 16	AT5G66680.1
Cluster 16	AT5G28840.2
Cluster 16	AT2G40510.1
Cluster 16	AT3G04120.1
Cluster 16	AT3G25920.1
Cluster 16	AT2G21390.1
Cluster 16	AT3G02360.2
Cluster 16	AT3G52300.1
Cluster 16	AT1G59610.1
Cluster 16	AT4G30920.1
Cluster 16	AT5G06160.1
Cluster 16	AT1G31230.1
Cluster 16	AT1G53750.1
Cluster 16	AT2G38280.2
Cluster 16	AT5G48300.1
Cluster 16	AT5G66190.1
Cluster 16	AT3G53020.1
Cluster 16	AT3G25860.1
Cluster 16	AT5G14040.1
Cluster 16	AT5G16510.2
Cluster 16	AT4G11420.1
Cluster 16	AT1G62740.1
Cluster 16	AT4G19210.1
Cluster 16	AT1G27950.1
Cluster 16	AT1G62940.1
Cluster 16	AT2G39990.1
Cluster 16	AT3G02200.2
Cluster 16	AT5G08530.1
Cluster 16	AT4G34200.1
Cluster 16	AT3G10380.1
Cluster 16	AT1G15340.1
Cluster 16	AT2G27020.1
Cluster 16	ATCG00540.1
Cluster 16	AT4G36760.1
Cluster 16	AT2G20360.1
Cluster 16	AT1G74260.1
Cluster 16	AT4G35830.1
Cluster 16	AT1G77510.1
Cluster 16	AT1G01300.1
Cluster 16	AT5G54160.1
Cluster 16	AT4G28750.1
Cluster 16	AT3G13860.1
Cluster 16	ATCG00500.1
Cluster 16	AT1G78370.1
Cluster 16	AT5G53480.1
Cluster 16	AT3G53110.1
Cluster 16	AT3G22890.1
Cluster 16	AT4G01310.1
Cluster 16	AT5G09590.1
Cluster 16	AT1G69620.1
Cluster 16	AT3G05060.1
Cluster 16	AT1G67290.1
Cluster 16	AT3G59920.1
Cluster 16	AT5G19820.1
Cluster 16	AT2G05920.1
Cluster 16	AT1G51710.1
Cluster 16	AT2G28790.1
Cluster 16	AT5G05470.1
Cluster 16	AT2G27860.1
Cluster 16	AT1G13020.1
Cluster 16	AT1G67730.1
Cluster 16	AT5G52920.1
Cluster 16	AT1G72810.1
Cluster 16	AT2G20580.1
Cluster 16	AT3G09500.1
Cluster 16	AT3G58610.3
Cluster 16	ATCG00020.1
Cluster 16	AT5G56500.2
Cluster 16	AT3G15730.1
Cluster 16	AT5G58290.1
Cluster 16	AT3G18190.1
Cluster 16	AT3G48420.1
Cluster 16	AT3G56150.2
Cluster 16	AT5G40870.1
Cluster 16	AT3G59970.3
Cluster 16	AT4G11260.1
Cluster 16	AT4G39980.1
Cluster 16	AT3G44890.1
Cluster 16	ATCG00280.1
Cluster 16	AT3G16830.1
Cluster 16	AT5G08380.1
Cluster 16	AT3G61440.1
Cluster 16	AT4G23460.1
Cluster 16	AT1G48630.1
Cluster 16	AT4G26870.1
Cluster 16	AT1G74470.1
Cluster 16	AT3G09630.1
Cluster 16	AT4G10260.1
Cluster 16	AT5G63400.1
Cluster 16	AT3G52990.1
Cluster 16	AT5G50850.1
Cluster 16	AT4G18480.1
Cluster 16	AT2G19520.1
Cluster 16	AT3G02080.1
Cluster 16	AT3G61110.1
Cluster 16	AT1G48920.1
Cluster 16	AT4G13430.1
Cluster 16	AT5G52560.1
Cluster 16	AT2G31390.1
Cluster 16	AT1G70830.1
Cluster 16	AT1G78570.1
Cluster 16	AT4G27090.1
Cluster 16	AT1G62020.1
Cluster 16	AT5G08280.1
Cluster 16	AT5G50920.1
Cluster 16	AT2G27170.2
Cluster 16	AT3G22960.1
Cluster 16	AT1G18080.1
Cluster 16	AT3G20390.1
Cluster 16	AT2G36160.1
Cluster 16	AT1G53500.1
Cluster 16	AT1G43670.1
Cluster 16	AT3G10690.1
Cluster 16	AT1G18540.1
Cluster 16	AT1G51980.1
Cluster 16	AT5G56360.1
Cluster 16	AT3G17820.1
Cluster 16	AT3G09840.1
Cluster 16	AT1G18500.1
Cluster 16	AT5G15140.1
Cluster 16	AT5G61790.1
Cluster 16	AT3G19170.1
Cluster 16	AT5G62390.1
Cluster 16	AT3G51240.1
Cluster 16	AT2G05710.1
Cluster 16	AT4G29060.1
Cluster 16	AT4G10340.1
Cluster 16	AT5G42950.1
Cluster 16	AT1G22450.1
Cluster 16	AT5G45775.2
Cluster 16	AT1G74060.1
Cluster 16	AT2G38110.1
Cluster 16	AT5G27380.1
Cluster 16	AT1G67090.1
Cluster 16	AT2G10940.2
Cluster 16	AT5G01600.1
Cluster 16	AT5G65020.1
Cluster 16	AT2G20280.1
Cluster 16	AT3G53610.3
Cluster 16	AT5G40480.1
Cluster 16	AT2G30490.1
Cluster 16	AT2G20420.1
Cluster 16	AT1G50480.1
Cluster 16	AT1G04690.1
Cluster 16	AT5G20500.1
Cluster 16	AT2G28000.1
Cluster 16	AT1G19920.1
Cluster 16	AT1G77590.1
Cluster 16	AT1G31730.1
Cluster 16	AT1G16350.1
Cluster 16	AT5G07530.1
Cluster 16	AT2G44160.1
Cluster 16	AT3G45010.1
Cluster 16	AT1G24020.2
Cluster 16	AT3G27430.2
Cluster 16	AT3G12780.1
Cluster 16	AT3G15360.1
Cluster 16	AT2G36880.2
Cluster 16	AT5G56740.1
Cluster 16	AT2G30110.1
Cluster 16	AT1G56340.1
Cluster 16	AT4G24280.1
Cluster 16	AT3G18820.1
Cluster 16	AT3G05970.1
Cluster 16	AT1G04410.1
Cluster 16	AT1G79530.1
Cluster 16	AT1G68560.1
Cluster 16	AT2G40660.1
Cluster 16	AT2G27040.2
Cluster 16	AT5G15970.1
Cluster 16	AT3G29320.1
Cluster 16	AT3G01780.1
Cluster 16	AT4G16720.1
Cluster 16	AT4G13940.1
Cluster 16	AT5G44635.1
Cluster 16	AT4G02770.1
Cluster 16	AT3G51550.1
Cluster 16	AT3G06350.1
Cluster 16	AT5G47010.1
Cluster 16	AT2G44610.1
Cluster 16	AT2G05990.2
Cluster 16	AT5G14250.1
Cluster 16	AT5G57870.1
Cluster 16	AT5G15090.2
Cluster 16	AT1G80070.1
Cluster 16	AT5G41970.1
Cluster 16	AT4G34870.1
Cluster 16	AT4G22670.1
Cluster 16	AT1G15690.1
Cluster 16	AT4G09650.1
Cluster 16	AT3G09820.1
Cluster 16	AT5G20010.1
Cluster 16	AT1G49430.1
Cluster 16	AT3G20630.1
Cluster 16	AT4G26970.1
Cluster 16	AT4G36250.1
Cluster 16	AT2G33800.1
Cluster 16	AT2G25970.1
Cluster 16	AT5G13980.2
Cluster 16	AT5G08690.1
Cluster 16	AT1G20440.1
Cluster 16	AT5G11880.1
Cluster 16	AT3G58140.1
Cluster 16	AT1G47128.1
Cluster 16	AT5G55220.1
Cluster 16	AT3G16000.1
Cluster 16	AT3G17810.1
Cluster 16	AT3G42170.1
Cluster 16	AT1G26630.1
Cluster 16	AT2G22125.1
Cluster 16	AT5G06870.1
Cluster 16	AT5G62530.1
Cluster 16	AT4G24830.1
Cluster 16	AT4G18100.1
Cluster 16	AT3G54660.1
Cluster 16	AT4G33400.1
Cluster 16	AT1G06950.1
Cluster 16	AT5G63840.1
Cluster 16	AT1G69830.1
Cluster 16	AT5G16130.1
Cluster 16	AT2G32730.1
Cluster 16	AT5G42020.1
Cluster 16	AT3G62250.1
Cluster 16	AT3G51460.1
Cluster 16	AT2G01250.1
Cluster 16	AT1G53240.1
Cluster 16	AT3G58500.1
Cluster 16	AT1G18450.1
Cluster 16	AT2G38770.1
Cluster 16	AT1G07890.8
Cluster 16	AT4G15410.1
Cluster 16	AT1G59900.1
Cluster 16	AT2G41840.1
Cluster 16	AT1G31330.1
Cluster 16	AT3G20820.1
Cluster 16	AT5G55660.1
Cluster 16	AT5G02870.1
Cluster 16	AT2G39730.1
Cluster 16	AT3G14310.1
Cluster 16	AT3G22230.1
Cluster 16	AT3G02230.1
Cluster 16	AT5G66570.1
Cluster 16	AT4G26630.2
Cluster 16	AT2G27100.1
Cluster 16	AT2G18790.1
Cluster 16	AT5G22800.1
Cluster 16	AT5G08300.1
Cluster 16	AT1G30580.1
Cluster 16	AT5G23120.1
Cluster 16	AT5G23630.1
Cluster 16	AT5G09730.1
Cluster 16	AT5G64570.1
Cluster 16	AT1G30360.1
Cluster 16	AT2G36530.1
Cluster 16	AT3G09200.1
Cluster 16	AT4G38890.1
Cluster 16	AT5G21150.1
Cluster 16	AT2G31570.1
Cluster 16	AT1G77180.2
Cluster 16	AT4G05420.1
Cluster 16	AT5G36880.2
Cluster 16	AT1G62750.1
Cluster 16	AT3G05900.1
Cluster 16	AT5G26360.1
Cluster 16	AT5G49650.1
Cluster 16	AT3G20050.1
Cluster 16	AT5G26860.1
Cluster 16	AT4G13780.1
Cluster 16	AT3G63190.1
Cluster 16	AT4G17520.1
Cluster 16	AT5G17380.1
Cluster 16	AT5G13000.1
Cluster 16	AT1G79550.2
Cluster 16	AT2G07698.1
Cluster 16	AT4G13930.1
Cluster 16	AT4G35000.1
Cluster 16	AT4G09320.1
Cluster 16	AT5G19780.1
Cluster 16	AT3G16080.1
Cluster 16	AT1G25490.1
Cluster 16	AT3G23810.1
Cluster 16	AT1G09340.1
Cluster 16	AT3G05420.2
Cluster 16	AT4G32180.1
Cluster 16	AT5G52840.1
Cluster 16	AT5G35590.1
Cluster 16	AT4G37980.1
Cluster 16	AT1G55020.1
Cluster 16	AT4G33510.1
Cluster 16	AT5G63860.1
Cluster 16	AT3G50820.1
Cluster 16	AT4G35630.1
Cluster 16	AT5G45620.1
Cluster 16	AT1G29900.1
Cluster 16	AT1G23820.1
Cluster 16	AT4G33680.1
Cluster 16	AT3G06050.1
Cluster 16	AT1G12240.1
Cluster 16	AT3G27850.1
Cluster 16	AT5G24400.1
Cluster 16	AT4G11150.1
Cluster 16	AT5G62700.1
Cluster 16	AT3G63130.2
Cluster 16	AT5G66140.1
Cluster 16	AT3G08590.2
Cluster 16	AT3G11130.1
Cluster 16	AT1G70320.1
Cluster 16	AT1G23290.1
Cluster 16	AT3G57290.1
Cluster 16	AT3G05530.1
Cluster 16	AT3G04840.1
Cluster 16	AT3G13930.1
Cluster 16	AT1G20970.1
Cluster 16	AT5G41770.1
Cluster 16	AT4G34050.1
Cluster 16	AT4G29010.1
Cluster 16	AT2G27880.1
Cluster 16	AT5G26570.1
Cluster 16	AT1G09620.1
Cluster 16	AT3G16640.1
Cluster 16	AT4G02930.1
Cluster 16	AT3G57520.1
Cluster 16	AT3G03100.1
Cluster 16	AT3G44330.1
Cluster 16	AT1G65930.1
Cluster 16	AT1G12000.1
Cluster 16	AT1G76850.1
Cluster 16	AT5G09550.1
Cluster 16	AT4G38630.1
Cluster 16	AT1G09750.1
Cluster 16	AT1G52740.1
Cluster 16	AT1G54270.1
Cluster 16	AT2G35630.1
Cluster 16	AT5G19220.1
Cluster 16	AT2G47470.1
Cluster 16	AT4G34850.1
Cluster 16	AT3G27740.1
Cluster 16	AT3G26650.1
Cluster 16	AT5G02790.1
Cluster 16	AT3G54110.1
Cluster 16	AT5G15200.1
Cluster 16	AT1G29930.1
Cluster 16	AT4G08350.1
Cluster 16	AT3G05560.3
Cluster 16	AT5G11560.1
Cluster 16	AT1G23740.1
Cluster 16	AT5G47210.1
Cluster 16	AT3G15000.1
Cluster 16	AT3G58730.1
Cluster 16	AT3G02480.1
Cluster 16	AT1G12270.1
Cluster 16	AT1G12840.1
Cluster 16	AT1G02780.1
Cluster 16	AT2G42490.1
Cluster 16	AT2G42130.4
Cluster 16	AT3G55800.1
Cluster 16	AT3G55330.1
Cluster 16	AT5G22650.1
Cluster 16	AT1G65960.2
Cluster 16	AT3G28220.1
Cluster 16	AT4G37210.1
Cluster 16	AT2G37600.2
Cluster 16	AT5G45950.1
Cluster 16	AT4G25630.1
Cluster 16	AT2G36850.1
Cluster 16	AT2G30050.1
Cluster 16	AT5G24420.1
Cluster 16	AT2G36390.1
Cluster 16	AT5G67630.1
Cluster 16	AT1G55860.1
Cluster 16	AT3G19760.1
Cluster 16	AT3G01280.1
Cluster 16	AT5G13450.1
Cluster 16	AT1G13440.1
Cluster 16	AT4G36130.1
Cluster 16	AT5G26830.1
Cluster 16	AT5G60640.1
Cluster 16	AT3G53430.1
Cluster 16	AT5G06140.1
Cluster 16	AT3G48000.1
Cluster 16	AT4G04910.1
Cluster 16	AT1G21750.1
Cluster 16	AT4G31880.1
Cluster 16	AT2G37040.1
Cluster 16	AT3G28730.1
Cluster 16	AT1G13280.1
Cluster 16	AT4G16660.1
Cluster 16	AT1G07370.1
Cluster 16	AT4G29840.1
Cluster 16	AT2G46520.1
Cluster 16	AT1G76810.1
Cluster 17	ATCG00490.1
Cluster 2	AT2G14900.1
Cluster 2	AT5G54080.2
Cluster 2	AT3G15220.1
Cluster 2	AT3G60010.1
Cluster 2	AT2G27830.1
Cluster 2	AT4G22300.1
Cluster 2	AT5G27150.1
Cluster 2	AT1G64840.1
Cluster 2	AT4G37660.1
Cluster 2	AT2G15900.1
Cluster 2	AT3G54690.1
Cluster 2	AT3G56990.1
Cluster 2	AT3G04740.1
Cluster 2	AT5G05680.1
Cluster 2	AT2G01110.1
Cluster 2	AT5G05700.1
Cluster 2	AT1G29370.1
Cluster 2	AT1G28510.1
Cluster 2	AT1G47830.1
Cluster 2	AT2G04540.1
Cluster 2	AT4G04700.1
Cluster 2	AT3G20740.1
Cluster 2	AT5G56890.1
Cluster 2	AT1G07480.2
Cluster 2	AT1G74280.1
Cluster 2	AT5G16720.1
Cluster 2	AT4G16550.1
Cluster 2	AT5G58880.1
Cluster 2	AT5G13960.1
Cluster 2	AT5G51010.1
Cluster 2	AT2G03890.1
Cluster 2	AT1G27520.1
Cluster 2	AT5G22440.2
Cluster 2	AT1G37130.1
Cluster 2	AT1G20090.1
Cluster 2	AT5G50970.1
Cluster 2	AT2G29790.1
Cluster 2	AT1G21190.1
Cluster 2	AT3G15950.1
Cluster 2	AT4G09310.1
Cluster 2	AT4G21190.1
Cluster 2	AT3G49350.1
Cluster 2	AT5G46020.1
Cluster 2	AT3G05020.1
Cluster 2	AT2G20870.1
Cluster 2	AT3G17465.1
Cluster 2	AT3G16730.1
Cluster 2	AT3G11170.1
Cluster 2	AT5G67280.1
Cluster 2	AT1G09580.1
Cluster 2	AT5G03460.1
Cluster 2	AT5G03345.1
Cluster 2	ATCG00760.1
Cluster 2	AT2G20260.1
Cluster 2	AT1G76090.1
Cluster 2	AT5G17930.1
Cluster 2	AT5G09420.1
Cluster 2	AT5G54830.1
Cluster 2	AT5G06680.1
Cluster 2	AT3G18580.1
Cluster 2	ATMG00513.1
Cluster 2	AT2G32670.1
Cluster 2	AT5G51340.1
Cluster 2	AT4G15130.1
Cluster 2	AT2G45310.1
Cluster 2	AT1G24340.1
Cluster 2	AT3G56750.1
Cluster 2	AT5G07470.1
Cluster 2	AT3G01370.1
Cluster 2	AT4G37390.1
Cluster 2	AT2G27960.1
Cluster 2	AT3G57180.1
Cluster 2	ATCG00820.1
Cluster 2	AT5G48470.1
Cluster 2	AT1G53520.1
Cluster 2	AT3G46510.1
Cluster 2	AT2G27970.1
Cluster 2	AT1G72170.1
Cluster 2	AT4G35950.1
Cluster 2	AT1G66740.1
Cluster 2	AT1G22160.1
Cluster 2	AT3G12030.1
Cluster 2	AT4G16800.1
Cluster 2	AT4G39840.1
Cluster 2	AT5G03380.1
Cluster 2	AT5G46570.1
Cluster 2	AT4G31540.1
Cluster 2	AT1G54690.1
Cluster 2	AT2G31880.1
Cluster 2	AT5G19610.1
Cluster 2	AT4G20330.1
Cluster 2	AT4G39880.1
Cluster 2	AT3G13960.1
Cluster 2	AT1G59710.1
Cluster 2	AT2G46700.1
Cluster 2	AT1G07830.1
Cluster 2	AT5G39550.1
Cluster 2	AT3G16290.1
Cluster 2	AT5G47640.1
Cluster 2	AT2G42620.1
Cluster 2	AT2G41950.1
Cluster 2	AT1G27430.1
Cluster 2	AT1G76200.1
Cluster 2	AT5G05990.1
Cluster 2	AT1G55510.1
Cluster 2	AT4G37750.1
Cluster 2	AT2G32410.1
Cluster 2	AT5G17870.1
Cluster 2	AT2G30320.1
Cluster 2	AT1G27530.1
Cluster 2	AT3G18140.1
Cluster 2	AT1G15880.1
Cluster 2	AT4G08790.1
Cluster 2	AT5G09510.1
Cluster 2	AT2G25920.1
Cluster 2	AT1G74740.1
Cluster 2	AT3G05280.1
Cluster 2	AT2G39340.1
Cluster 2	AT5G23070.1
Cluster 2	AT2G27460.1
Cluster 2	AT4G24670.2
Cluster 2	AT4G39800.1
Cluster 2	AT3G27000.1
Cluster 2	AT1G30910.1
Cluster 2	AT2G14285.1
Cluster 2	AT3G10330.1
Cluster 2	AT2G42680.1
Cluster 2	AT1G30320.1
Cluster 2	AT1G80170.1
Cluster 2	AT4G13980.1
Cluster 2	AT3G60100.1
Cluster 2	AT5G63750.1
Cluster 2	AT3G43600.1
Cluster 2	AT3G05070.1
Cluster 2	AT3G18440.1
Cluster 2	AT1G79190.1
Cluster 2	AT3G13410.1
Cluster 2	AT5G56210.1
Cluster 2	AT2G30980.1
Cluster 2	AT5G49550.1
Cluster 2	AT5G47180.2
Cluster 2	AT1G74550.1
Cluster 2	AT1G08410.1
Cluster 2	AT1G19670.1
Cluster 2	AT1G75080.2
Cluster 2	AT1G69220.1
Cluster 2	AT1G64150.1
Cluster 2	AT3G19190.1
Cluster 2	AT5G18820.1
Cluster 2	AT1G14010.1
Cluster 2	AT3G24010.1
Cluster 2	AT4G09350.1
Cluster 2	AT1G80400.1
Cluster 2	AT2G34570.1
Cluster 2	AT1G33520.1
Cluster 2	AT3G02270.1
Cluster 2	AT3G52630.2
Cluster 2	AT1G78800.1
Cluster 2	AT2G24090.1
Cluster 2	AT3G59550.1
Cluster 2	AT3G57080.1
Cluster 2	AT1G09700.1
Cluster 2	AT3G05760.1
Cluster 2	AT5G60080.1
Cluster 2	AT5G12430.1
Cluster 2	AT1G18640.2
Cluster 2	AT4G10180.1
Cluster 2	AT2G43800.1
Cluster 2	AT4G30690.1
Cluster 2	AT5G21010.1
Cluster 2	AT5G59870.1
Cluster 2	AT5G14570.1
Cluster 2	AT3G03600.1
Cluster 2	AT1G77370.1
Cluster 2	AT3G54640.1
Cluster 2	AT3G57350.1
Cluster 2	AT5G05660.1
Cluster 2	AT3G21390.1
Cluster 2	AT5G39800.1
Cluster 2	AT3G19540.1
Cluster 2	AT2G34260.1
Cluster 2	AT3G12100.1
Cluster 2	AT3G50970.1
Cluster 2	AT2G47420.1
Cluster 2	AT5G05920.1
Cluster 2	AT4G11640.1
Cluster 2	AT5G57900.1
Cluster 2	AT3G19840.1
Cluster 2	AT5G12980.1
Cluster 2	AT3G50845.1
Cluster 2	AT2G18170.1
Cluster 2	AT1G54170.1
Cluster 2	AT2G27140.1
Cluster 2	AT5G17290.1
Cluster 2	ATCG01050.1
Cluster 2	AT1G03330.1
Cluster 2	AT4G01860.2
Cluster 2	AT5G23330.1
Cluster 2	AT2G22230.1
Cluster 2	AT3G09070.1
Cluster 2	AT5G21090.1
Cluster 2	AT1G60900.1
Cluster 2	AT1G17620.1
Cluster 2	AT1G11780.1
Cluster 2	AT4G32320.1
Cluster 2	AT1G52260.1
Cluster 2	AT3G14910.1
Cluster 2	AT1G51100.1
Cluster 2	AT3G47620.1
Cluster 2	AT3G23830.2
Cluster 2	AT2G20020.1
Cluster 2	AT3G06910.1
Cluster 2	AT1G08580.1
Cluster 2	AT5G13580.1
Cluster 2	AT3G24190.1
Cluster 2	AT2G31820.1
Cluster 2	AT1G73230.1
Cluster 2	AT4G38480.1
Cluster 2	AT2G24550.1
Cluster 2	AT2G25870.1
Cluster 2	AT2G40550.1
Cluster 2	AT2G33435.1
Cluster 2	AT3G05740.1
Cluster 2	AT1G51730.1
Cluster 2	AT1G74700.1
Cluster 2	AT4G33410.1
Cluster 2	AT1G24290.1
Cluster 2	AT1G11240.1
Cluster 2	AT4G35140.1
Cluster 2	AT2G07689.1
Cluster 2	AT2G33570.1
Cluster 2	AT3G10620.1
Cluster 2	AT1G76100.1
Cluster 2	AT4G31460.1
Cluster 2	AT5G67230.1
Cluster 2	AT5G52380.1
Cluster 2	AT1G80350.1
Cluster 2	AT1G70070.1
Cluster 2	AT1G67830.1
Cluster 2	AT1G77540.1
Cluster 2	AT1G68290.1
Cluster 2	AT4G04360.1
Cluster 2	AT5G04200.1
Cluster 2	AT5G01710.1
Cluster 2	AT1G13460.2
Cluster 2	AT1G75820.1
Cluster 2	AT1G22070.1
Cluster 2	AT2G40190.1
Cluster 2	AT2G38000.1
Cluster 2	AT3G56330.1
Cluster 2	AT5G63650.1
Cluster 2	AT3G61430.2
Cluster 2	AT1G74450.1
Cluster 2	AT3G10610.1
Cluster 2	AT2G29400.1
Cluster 2	AT3G02710.1
Cluster 2	AT3G58690.1
Cluster 2	AT5G10370.1
Cluster 2	AT4G08230.1
Cluster 2	AT5G49890.1
Cluster 2	AT5G10470.2
Cluster 2	AT4G39990.1
Cluster 2	AT5G39850.1
Cluster 2	AT3G08790.1
Cluster 2	AT2G19560.1
Cluster 2	AT1G31660.1
Cluster 2	AT5G26600.2
Cluster 2	AT1G07530.1
Cluster 2	AT1G76300.1
Cluster 2	AT1G17200.1
Cluster 2	AT1G06590.1
Cluster 2	AT1G69980.1
Cluster 2	AT5G56720.1
Cluster 2	AT5G40280.1
Cluster 2	AT2G47590.1
Cluster 2	AT1G69870.1
Cluster 2	ATCG01090.1
Cluster 2	AT3G06960.1
Cluster 2	AT4G36650.1
Cluster 2	AT5G65260.1
Cluster 2	AT4G19050.1
Cluster 2	AT1G77760.1
Cluster 2	AT5G12350.1
Cluster 2	AT1G04420.1
Cluster 2	AT2G19790.1
Cluster 2	AT2G47790.1
Cluster 2	AT1G01980.1
Cluster 2	AT1G28380.1
Cluster 2	AT3G15850.1
Cluster 2	AT1G21650.3
Cluster 2	AT2G41680.1
Cluster 2	AT5G16950.1
Cluster 2	AT3G56740.1
Cluster 2	AT5G49020.1
Cluster 2	AT1G65430.1
Cluster 2	AT1G71160.1
Cluster 2	AT3G17170.1
Cluster 2	AT3G23410.1
Cluster 2	AT5G64610.1
Cluster 2	AT3G26780.1
Cluster 2	AT2G22840.1
Cluster 2	AT4G15610.1
Cluster 2	AT2G12550.1
Cluster 2	AT3G26950.1
Cluster 2	AT2G19710.1
Cluster 2	AT1G80050.1
Cluster 2	AT4G24570.1
Cluster 2	AT5G33280.1
Cluster 2	AT5G15770.1
Cluster 2	AT5G56900.2
Cluster 2	AT3G49360.1
Cluster 2	AT1G78590.1
Cluster 2	AT1G14360.1
Cluster 2	AT3G58170.1
Cluster 2	AT3G28050.1
Cluster 2	AT3G02190.1
Cluster 2	AT4G12400.2
Cluster 2	AT3G63080.1
Cluster 2	AT2G17640.1
Cluster 2	AT1G61570.1
Cluster 2	AT2G40700.1
Cluster 2	AT2G41160.1
Cluster 2	AT4G15770.1
Cluster 2	AT2G38240.1
Cluster 2	AT1G30480.1
Cluster 2	AT1G78430.1
Cluster 2	AT4G39510.1
Cluster 2	AT4G33480.1
Cluster 2	AT2G33990.1
Cluster 2	AT5G26120.1
Cluster 2	AT1G36370.1
Cluster 2	AT3G57000.1
Cluster 2	AT4G38495.1
Cluster 2	AT2G47600.1
Cluster 2	AT5G02280.1
Cluster 2	AT5G52882.1
Cluster 2	AT3G54630.1
Cluster 2	AT5G22760.1
Cluster 2	AT3G44550.1
Cluster 2	AT1G24240.1
Cluster 2	AT1G71230.1
Cluster 2	AT4G29860.1
Cluster 2	AT5G66850.1
Cluster 2	AT2G23170.1
Cluster 2	AT3G17880.1
Cluster 2	AT3G03990.1
Cluster 2	AT1G51450.1
Cluster 2	AT3G07130.1
Cluster 2	AT5G45680.1
Cluster 2	AT1G19100.1
Cluster 2	AT3G17000.1
Cluster 2	AT1G64440.1
Cluster 2	AT1G04070.1
Cluster 2	AT2G40800.1
Cluster 2	AT4G25500.4
Cluster 2	AT4G18130.1
Cluster 2	AT3G43670.1
Cluster 2	AT1G60000.1
Cluster 2	AT3G59040.2
Cluster 2	AT1G24280.1
Cluster 2	AT1G04520.1
Cluster 2	AT5G57950.1
Cluster 2	AT1G03190.2
Cluster 2	AT4G02400.1
Cluster 2	AT1G02910.1
Cluster 2	AT2G28720.1
Cluster 2	AT3G50100.1
Cluster 2	AT1G16280.1
Cluster 2	AT5G06550.1
Cluster 2	AT4G20325.1
Cluster 2	AT1G14030.1
Cluster 2	AT2G42650.1
Cluster 2	AT2G14610.1
Cluster 2	AT1G73670.1
Cluster 2	AT1G23870.1
Cluster 2	AT5G20600.1
Cluster 2	AT3G22370.1
Cluster 2	AT4G38500.1
Cluster 2	AT2G44040.1
Cluster 2	AT2G46230.1
Cluster 2	AT5G35840.1
Cluster 2	AT5G62030.1
Cluster 2	AT2G03750.1
Cluster 2	AT3G44050.1
Cluster 2	AT3G25480.1
Cluster 2	AT4G33910.1
Cluster 2	AT5G43970.1
Cluster 2	AT4G33470.1
Cluster 2	AT1G13560.1
Cluster 2	AT4G02500.1
Cluster 2	AT5G16570.1
Cluster 2	AT1G72730.1
Cluster 2	AT4G12120.1
Cluster 2	AT1G64660.1
Cluster 2	AT2G46650.1
Cluster 2	AT2G32000.1
Cluster 2	AT5G27700.1
Cluster 2	AT5G05987.1
Cluster 2	AT4G33945.1
Cluster 2	AT3G17930.1
Cluster 2	AT1G27850.1
Cluster 2	AT2G47840.1
Cluster 2	AT4G39920.1
Cluster 2	AT1G51360.1
Cluster 2	AT4G15420.1
Cluster 2	AT3G19130.1
Cluster 2	AT1G57620.1
Cluster 2	AT2G46610.1
Cluster 2	AT2G04530.1
Cluster 2	AT5G47600.1
Cluster 2	AT1G77030.1
Cluster 2	AT5G24430.1
Cluster 2	AT5G58480.1
Cluster 2	AT4G22330.1
Cluster 2	AT2G45440.1
Cluster 2	AT3G42880.1
Cluster 2	AT3G01440.1
Cluster 2	AT3G23590.1
Cluster 2	AT3G12270.1
Cluster 2	AT1G50110.1
Cluster 2	AT5G24340.1
Cluster 2	AT5G61000.1
Cluster 2	AT1G13690.1
Cluster 2	AT5G08620.1
Cluster 2	AT5G20840.1
Cluster 2	AT5G59180.1
Cluster 2	AT3G43540.1
Cluster 2	AT4G33100.1
Cluster 2	AT3G54180.1
Cluster 2	AT4G20780.1
Cluster 2	AT3G45770.1
Cluster 2	AT2G26490.1
Cluster 2	AT4G13720.1
Cluster 2	AT3G13490.1
Cluster 2	AT1G31010.1
Cluster 2	AT1G49010.1
Cluster 2	AT3G57420.1
Cluster 2	AT1G22800.1
Cluster 2	AT3G09580.1
Cluster 2	AT1G13870.1
Cluster 2	AT2G43130.1
Cluster 2	AT1G17070.1
Cluster 2	AT1G63930.1
Cluster 2	ATMG00210.1
Cluster 2	AT5G27490.1
Cluster 2	AT3G21720.1
Cluster 2	AT4G02710.1
Cluster 2	AT5G27000.1
Cluster 2	AT5G47680.1
Cluster 2	AT5G30495.2
Cluster 2	AT5G47860.1
Cluster 2	AT1G62310.1
Cluster 2	AT5G41010.1
Cluster 2	AT3G20440.2
Cluster 2	AT4G36920.2
Cluster 2	AT3G11250.1
Cluster 2	AT3G46870.1
Cluster 2	AT5G63870.2
Cluster 2	AT1G12090.1
Cluster 2	AT5G21140.1
Cluster 2	AT4G32830.1
Cluster 2	AT5G39900.1
Cluster 2	AT2G39840.1
Cluster 2	AT3G44660.1
Cluster 2	AT2G33870.1
Cluster 2	AT5G60940.1
Cluster 2	AT4G38700.1
Cluster 2	AT2G41980.1
Cluster 2	AT2G43120.1
Cluster 2	AT3G22680.1
Cluster 2	AT2G34070.1
Cluster 2	AT3G15120.1
Cluster 2	AT3G08947.1
Cluster 2	AT5G25265.1
Cluster 2	AT2G01290.1
Cluster 2	AT3G18000.1
Cluster 2	AT5G27770.1
Cluster 2	AT1G53880.1
Cluster 2	AT4G35750.1
Cluster 2	AT3G60740.1
Cluster 2	AT5G20070.1
Cluster 2	AT1G10500.1
Cluster 2	AT1G48860.1
Cluster 2	AT5G16230.1
Cluster 2	AT2G02010.1
Cluster 2	AT5G03905.1
Cluster 2	AT3G18290.1
Cluster 2	AT1G58110.2
Cluster 2	AT5G59140.1
Cluster 2	AT3G12915.1
Cluster 2	AT4G17760.1
Cluster 2	AT2G34630.2
Cluster 2	AT5G39950.1
Cluster 2	AT1G22770.1
Cluster 2	AT3G29200.1
Cluster 2	AT1G62430.1
Cluster 2	AT3G26090.1
Cluster 2	AT5G50930.1
Cluster 2	AT3G24590.1
Cluster 2	AT1G03000.1
Cluster 2	AT1G33270.1
Cluster 2	AT2G44525.1
Cluster 2	AT1G65410.1
Cluster 2	AT4G24040.1
Cluster 2	AT1G20340.1
Cluster 2	AT1G29320.1
Cluster 2	AT4G40010.1
Cluster 2	AT2G47310.1
Cluster 2	AT2G33835.1
Cluster 2	AT3G06980.1
Cluster 2	AT4G21900.1
Cluster 2	AT5G22630.1
Cluster 2	AT5G63450.1
Cluster 2	AT5G39960.1
Cluster 2	AT2G25480.1
Cluster 2	AT4G15520.1
Cluster 2	AT1G58370.1
Cluster 2	AT3G21300.1
Cluster 2	AT4G27260.1
Cluster 2	AT1G32080.1
Cluster 2	AT5G62200.1
Cluster 2	AT1G75840.1
Cluster 2	AT1G01570.1
Cluster 2	AT5G09260.1
Cluster 2	AT4G37560.1
Cluster 2	AT3G50000.1
Cluster 2	AT1G49660.1
Cluster 2	AT1G77680.1
Cluster 2	AT1G06030.1
Cluster 2	AT3G15710.1
Cluster 2	AT3G08900.1
Cluster 2	AT1G01650.1
Cluster 2	AT5G05670.2
Cluster 2	AT1G02730.1
Cluster 2	AT3G29240.2
Cluster 2	AT4G28610.1
Cluster 2	AT1G66040.1
Cluster 2	AT2G35940.3
Cluster 2	AT4G25660.1
Cluster 2	AT2G31340.1
Cluster 2	AT3G29400.1
Cluster 2	AT3G26030.1
Cluster 2	AT1G65290.1
Cluster 2	AT4G20280.1
Cluster 2	AT4G39910.1
Cluster 2	ATCG00180.1
Cluster 2	AT2G31320.1
Cluster 2	AT5G67270.1
Cluster 2	AT1G78140.1
Cluster 2	AT3G47430.1
Cluster 2	AT3G27180.1
Cluster 2	AT5G44520.1
Cluster 2	AT4G18710.1
Cluster 2	AT3G04080.1
Cluster 2	AT3G06610.1
Cluster 2	AT3G60640.1
Cluster 2	AT3G47690.1
Cluster 2	AT4G30360.1
Cluster 2	AT5G45900.1
Cluster 2	AT5G59220.1
Cluster 2	AT1G16430.1
Cluster 2	AT2G43650.1
Cluster 2	AT3G62370.1
Cluster 2	AT1G29760.1
Cluster 2	AT3G11050.1
Cluster 2	AT5G10810.1
Cluster 2	AT4G00360.1
Cluster 2	AT4G10380.1
Cluster 2	AT4G32120.1
Cluster 2	AT5G57690.1
Cluster 2	AT5G42470.1
Cluster 2	AT3G47460.1
Cluster 2	AT5G11450.1
Cluster 2	AT1G74870.1
Cluster 2	AT1G63780.1
Cluster 2	AT1G48120.1
Cluster 2	AT1G57790.1
Cluster 2	AT2G34420.1
Cluster 2	AT1G75690.1
Cluster 2	AT1G65380.1
Cluster 2	AT1G56330.1
Cluster 2	AT5G53070.1
Cluster 2	AT1G16860.1
Cluster 2	AT5G27390.1
Cluster 2	AT3G04000.1
Cluster 2	AT2G35820.1
Cluster 2	AT5G27630.1
Cluster 2	AT4G01710.1
Cluster 2	AT4G14110.1
Cluster 2	AT5G42790.1
Cluster 2	AT1G29690.1
Cluster 2	AT4G36750.1
Cluster 2	AT3G53120.1
Cluster 2	AT2G46470.1
Cluster 2	AT5G17190.1
Cluster 2	AT3G24030.1
Cluster 2	AT4G24175.1
Cluster 2	AT2G47670.1
Cluster 2	AT1G29965.1
Cluster 2	AT3G19100.1
Cluster 2	AT2G38620.2
Cluster 2	AT3G26710.1
Cluster 2	AT2G19120.1
Cluster 2	AT4G37510.1
Cluster 2	AT4G27780.1
Cluster 2	AT1G04450.1
Cluster 2	AT1G15270.1
Cluster 2	AT5G51550.1
Cluster 2	AT1G05760.1
Cluster 2	AT2G19430.1
Cluster 2	AT1G66080.1
Cluster 2	AT1G64570.1
Cluster 2	AT3G27200.1
Cluster 2	AT3G12170.1
Cluster 2	AT1G56440.2
Cluster 2	AT4G36220.1
Cluster 2	AT4G00800.1
Cluster 2	AT2G03760.1
Cluster 2	AT1G70660.1
Cluster 2	AT1G73450.1
Cluster 2	AT4G33210.1
Cluster 2	AT1G19150.1
Cluster 2	AT3G19490.1
Cluster 2	AT3G01890.1
Cluster 2	AT3G56690.1
Cluster 2	AT4G20070.1
Cluster 2	ATCG00670.1
Cluster 2	ATCG00330.1
Cluster 2	AT5G43280.1
Cluster 2	AT3G54220.1
Cluster 2	AT3G06270.1
Cluster 2	AT5G38460.2
Cluster 2	AT1G31070.2
Cluster 2	AT1G71830.1
Cluster 2	AT4G15950.1
Cluster 2	AT3G54270.1
Cluster 2	AT4G23540.1
Cluster 2	AT4G15093.1
Cluster 2	AT4G30996.1
Cluster 2	AT2G18740.1
Cluster 2	AT3G05410.2
Cluster 2	AT1G12910.1
Cluster 2	AT1G77750.1
Cluster 2	AT4G01560.1
Cluster 2	AT3G57510.1
Cluster 2	AT4G35650.1
Cluster 2	AT2G18730.1
Cluster 2	AT5G28220.1
Cluster 2	AT1G63310.1
Cluster 2	AT4G10100.3
Cluster 2	AT2G02120.1
Cluster 2	AT5G48930.1
Cluster 2	AT1G54450.1
Cluster 2	AT4G00110.1
Cluster 2	AT4G06599.1
Cluster 2	AT3G03420.1
Cluster 2	AT3G59420.1
Cluster 2	AT1G44810.1
Cluster 2	AT2G38440.1
Cluster 2	AT1G76540.1
Cluster 2	AT5G46920.1
Cluster 2	AT4G23790.1
Cluster 2	AT1G31870.2
Cluster 2	AT2G32090.1
Cluster 2	AT1G10830.1
Cluster 2	AT3G14090.1
Cluster 2	AT2G26430.1
Cluster 2	AT1G62830.1
Cluster 2	AT5G35600.1
Cluster 2	AT4G38120.1
Cluster 2	AT5G59380.1
Cluster 2	AT5G57040.1
Cluster 2	AT4G25950.1
Cluster 2	AT2G22430.1
Cluster 2	AT4G33060.1
Cluster 2	AT5G07280.1
Cluster 2	AT2G37630.1
Cluster 2	AT3G16100.1
Cluster 2	AT5G47190.1
Cluster 2	AT5G63030.1
Cluster 2	AT1G11190.1
Cluster 2	AT5G19210.2
Cluster 2	AT4G24690.1
Cluster 2	AT4G00752.1
Cluster 2	AT1G28320.1
Cluster 2	AT3G13180.1
Cluster 2	AT1G08500.1
Cluster 2	AT1G74720.1
Cluster 2	AT3G11660.1
Cluster 2	AT2G32440.2
Cluster 2	AT1G16800.1
Cluster 2	AT1G65840.1
Cluster 2	AT3G11730.1
Cluster 2	AT3G03910.1
Cluster 2	AT3G51030.1
Cluster 2	AT3G54340.1
Cluster 2	AT2G26200.1
Cluster 2	AT2G05940.1
Cluster 2	AT1G69450.2
Cluster 2	AT4G26720.1
Cluster 2	AT1G27070.1
Cluster 2	AT4G04860.1
Cluster 2	AT2G01980.1
Cluster 2	AT2G22690.2
Cluster 2	AT1G71010.1
Cluster 2	AT3G23100.2
Cluster 2	AT5G01400.1
Cluster 2	AT2G21650.1
Cluster 2	AT2G03220.1
Cluster 2	AT3G47860.1
Cluster 2	AT5G60930.1
Cluster 2	AT4G18465.1
Cluster 2	AT3G26580.1
Cluster 2	AT2G13610.1
Cluster 2	AT1G25480.1
Cluster 2	AT1G71840.1
Cluster 2	AT5G41940.1
Cluster 2	AT1G79040.1
Cluster 2	AT1G04640.2
Cluster 2	AT1G67360.2
Cluster 2	AT4G16370.1
Cluster 2	AT3G55250.1
Cluster 2	AT5G14600.1
Cluster 2	AT3G18524.1
Cluster 2	AT5G46640.1
Cluster 2	AT4G20130.1
Cluster 2	AT3G62980.1
Cluster 2	AT1G31220.1
Cluster 2	AT5G06660.1
Cluster 2	AT5G08320.1
Cluster 2	AT3G13222.1
Cluster 2	AT5G43780.1
Cluster 2	AT2G36490.1
Cluster 2	AT3G18370.1
Cluster 2	AT1G32340.1
Cluster 2	AT2G32940.1
Cluster 2	AT1G47490.1
Cluster 2	AT1G12775.1
Cluster 2	AT4G12250.1
Cluster 2	ATCG00710.1
Cluster 2	AT4G30490.1
Cluster 2	AT3G11210.1
Cluster 2	AT3G26980.1
Cluster 2	AT5G07490.1
Cluster 2	AT3G14290.1
Cluster 2	AT2G29070.2
Cluster 2	AT1G04620.1
Cluster 2	AT4G30840.1
Cluster 2	AT5G23140.1
Cluster 2	AT5G51880.1
Cluster 2	AT3G22630.1
Cluster 2	AT2G19270.1
Cluster 2	AT5G20350.1
Cluster 2	AT4G39120.1
Cluster 2	AT4G33200.1
Cluster 2	AT3G24320.1
Cluster 2	AT3G15150.1
Cluster 2	AT4G21430.1
Cluster 2	AT2G43020.1
Cluster 2	AT2G30020.1
Cluster 2	AT3G11200.1
Cluster 2	AT1G20810.1
Cluster 2	AT5G50230.1
Cluster 2	AT5G27430.1
Cluster 2	AT2G36380.1
Cluster 2	AT3G21640.1
Cluster 2	AT4G31850.1
Cluster 2	AT2G26330.1
Cluster 2	AT1G19860.1
Cluster 2	AT5G64840.1
Cluster 2	AT1G21250.1
Cluster 2	AT5G17790.1
Cluster 2	AT1G45332.1
Cluster 2	AT5G51440.1
Cluster 2	AT2G20560.1
Cluster 2	AT5G11760.1
Cluster 2	AT1G14620.1
Cluster 2	AT1G77300.1
Cluster 2	AT2G29900.1
Cluster 2	AT1G30825.1
Cluster 2	AT2G44050.1
Cluster 2	AT1G26220.1
Cluster 2	AT1G64600.1
Cluster 2	AT3G22300.1
Cluster 2	AT5G12390.1
Cluster 2	ATMG01170.1
Cluster 2	AT2G41490.1
Cluster 2	AT3G04260.1
Cluster 2	AT3G03050.1
Cluster 2	AT5G12110.1
Cluster 2	AT2G17370.1
Cluster 2	AT1G12530.1
Cluster 2	AT4G29870.1
Cluster 2	AT5G53000.1
Cluster 2	AT3G10070.1
Cluster 2	AT1G66330.2
Cluster 2	AT1G73050.1
Cluster 2	AT3G60320.1
Cluster 2	AT1G76405.2
Cluster 2	AT1G55080.1
Cluster 2	AT1G49400.1
Cluster 2	AT4G28360.1
Cluster 2	AT1G78190.1
Cluster 2	AT1G63290.1
Cluster 2	AT1G71790.1
Cluster 2	AT3G16180.1
Cluster 2	AT5G54510.1
Cluster 2	AT3G18730.1
Cluster 2	AT3G06200.1
Cluster 2	AT5G06450.1
Cluster 2	AT4G37925.1
Cluster 2	AT3G49250.1
Cluster 2	AT4G29480.1
Cluster 2	AT3G23580.1
Cluster 2	AT1G60490.1
Cluster 2	AT5G23395.1
Cluster 2	AT5G15750.1
Cluster 2	AT5G17560.1
Cluster 2	ATMG00220.1
Cluster 2	AT3G13450.1
Cluster 2	AT1G28490.1
Cluster 2	AT2G39450.1
Cluster 2	AT1G05835.1
Cluster 2	AT1G64370.1
Cluster 2	AT5G25080.1
Cluster 2	AT1G26550.1
Cluster 2	AT2G30650.1
Cluster 2	AT5G39840.1
Cluster 2	AT1G16900.1
Cluster 2	AT3G25760.1
Cluster 2	AT3G42790.1
Cluster 2	AT3G49990.1
Cluster 2	AT5G04920.1
Cluster 2	AT2G21860.1
Cluster 2	AT1G35670.1
Cluster 2	AT1G14040.1
Cluster 2	AT5G14460.1
Cluster 2	AT2G29210.1
Cluster 2	AT1G78280.1
Cluster 2	AT5G04240.1
Cluster 2	AT4G31010.1
Cluster 2	AT4G37280.1
Cluster 2	AT3G47833.1
Cluster 2	AT1G50370.1
Cluster 2	AT4G29890.1
Cluster 2	AT3G19950.1
Cluster 2	AT4G01940.1
Cluster 2	AT5G52390.1
Cluster 2	AT1G77630.1
Cluster 2	AT3G49160.1
Cluster 2	AT1G62030.1
Cluster 2	AT4G37920.1
Cluster 2	AT1G49590.1
Cluster 2	AT4G16630.1
Cluster 2	AT5G19450.2
Cluster 2	AT5G20635.1
Cluster 2	AT1G20140.1
Cluster 2	AT2G33775.1
Cluster 2	AT1G45233.2
Cluster 2	AT3G23670.1
Cluster 2	AT5G13070.1
Cluster 2	AT5G08020.1
Cluster 2	AT5G63110.1
Cluster 2	AT5G60620.1
Cluster 2	AT4G39030.1
Cluster 2	AT1G17340.1
Cluster 2	AT5G43250.1
Cluster 2	AT1G16850.1
Cluster 2	AT4G23040.1
Cluster 2	AT4G26750.1
Cluster 2	AT2G46090.1
Cluster 2	AT4G23590.1
Cluster 2	AT1G20575.1
Cluster 2	AT3G20670.1
Cluster 2	AT3G22600.1
Cluster 2	AT4G11130.1
Cluster 2	AT1G69960.1
Cluster 2	AT4G20910.2
Cluster 2	AT3G12760.1
Cluster 2	AT3G27280.2
Cluster 2	AT5G41685.1
Cluster 2	AT3G51010.1
Cluster 2	AT1G17980.1
Cluster 2	AT3G20510.1
Cluster 2	AT1G17160.1
Cluster 2	AT1G23205.1
Cluster 2	AT2G28430.1
Cluster 2	AT5G57280.1
Cluster 2	AT2G21490.1
Cluster 2	AT3G15080.1
Cluster 2	AT5G40390.1
Cluster 2	AT5G46760.1
Cluster 2	AT3G51190.1
Cluster 2	AT5G54260.1
Cluster 2	AT1G31160.1
Cluster 2	AT1G66340.1
Cluster 2	AT5G03455.1
Cluster 2	AT3G21670.1
Cluster 2	AT1G10150.1
Cluster 2	AT4G37830.1
Cluster 2	AT5G60190.1
Cluster 2	AT3G48890.1
Cluster 2	AT5G05440.1
Cluster 2	AT5G48910.1
Cluster 2	AT1G10180.1
Cluster 2	AT1G06730.1
Cluster 2	AT5G06420.2
Cluster 2	AT3G45940.1
Cluster 2	AT5G58130.1
Cluster 2	AT5G12230.1
Cluster 2	AT1G72340.1
Cluster 2	AT3G53510.1
Cluster 2	AT5G64380.1
Cluster 2	AT5G46960.1
Cluster 2	AT5G25900.1
Cluster 2	AT4G30480.2
Cluster 2	AT1G08780.1
Cluster 2	AT4G16520.2
Cluster 2	AT5G04870.1
Cluster 2	AT2G03780.1
Cluster 2	AT5G58340.2
Cluster 2	AT3G55110.1
Cluster 2	AT1G08490.1
Cluster 2	AT4G34500.1
Cluster 2	AT5G50650.1
Cluster 2	AT1G63460.1
Cluster 2	AT5G28830.1
Cluster 2	AT2G26830.1
Cluster 2	AT4G24400.1
Cluster 2	AT1G16300.1
Cluster 2	AT1G14460.1
Cluster 2	AT5G22350.1
Cluster 2	ATMG00730.1
Cluster 2	AT1G64030.1
Cluster 2	AT3G01460.1
Cluster 2	AT1G25580.1
Cluster 2	AT1G72470.1
Cluster 2	AT2G02090.1
Cluster 2	AT1G69370.1
Cluster 2	AT3G60660.1
Cluster 2	AT5G23190.1
Cluster 2	AT3G18230.1
Cluster 2	AT2G48160.1
Cluster 2	AT5G06360.1
Cluster 2	AT3G03740.1
Cluster 2	AT3G54610.1
Cluster 2	AT2G02180.1
Cluster 2	AT5G13160.1
Cluster 2	AT3G10730.1
Cluster 2	AT5G16250.1
Cluster 2	AT1G52980.1
Cluster 2	AT3G10230.1
Cluster 2	AT3G26640.1
Cluster 2	AT3G44720.1
Cluster 2	AT1G17050.1
Cluster 2	AT3G02820.1
Cluster 2	AT5G64140.1
Cluster 2	AT5G51940.1
Cluster 2	AT1G04660.1
Cluster 2	AT2G19800.1
Cluster 2	AT5G20270.1
Cluster 2	AT3G09100.2
Cluster 2	AT1G70290.1
Cluster 2	AT1G70760.1
Cluster 2	AT3G27060.1
Cluster 2	AT1G76760.1
Cluster 2	AT5G14520.1
Cluster 2	AT4G28450.1
Cluster 2	AT2G17250.1
Cluster 2	AT2G39270.1
Cluster 2	AT1G20050.1
Cluster 2	AT5G23290.1
Cluster 2	AT1G62730.1
Cluster 2	AT5G64460.8
Cluster 2	AT3G02570.1
Cluster 2	AT2G45150.1
Cluster 2	AT1G77060.1
Cluster 2	AT4G19540.1
Cluster 2	AT1G23360.1
Cluster 2	AT3G13940.1
Cluster 2	AT3G56900.1
Cluster 2	AT4G18960.1
Cluster 2	AT5G23420.1
Cluster 2	AT2G26390.1
Cluster 2	AT1G75150.1
Cluster 2	AT5G38890.1
Cluster 2	AT1G20540.1
Cluster 2	AT2G40000.1
Cluster 2	AT3G49180.1
Cluster 2	AT2G34750.1
Cluster 2	AT1G07615.1
Cluster 2	AT4G08900.1
Cluster 2	AT5G15860.1
Cluster 2	AT5G51740.1
Cluster 2	ATMG01275.1
Cluster 2	AT2G47750.1
Cluster 2	AT4G01037.1
Cluster 2	AT1G32640.1
Cluster 2	AT5G03520.1
Cluster 2	AT5G19130.1
Cluster 2	AT3G57490.1
Cluster 2	AT5G65250.1
Cluster 2	AT3G56760.1
Cluster 2	AT4G10110.1
Cluster 2	AT1G61100.1
Cluster 2	AT5G52370.1
Cluster 2	AT1G11475.1
Cluster 2	AT2G27470.1
Cluster 2	AT5G19300.1
Cluster 2	AT3G22425.2
Cluster 2	AT3G51120.1
Cluster 2	AT2G18110.1
Cluster 2	AT1G50950.1
Cluster 2	AT1G17170.1
Cluster 2	AT1G26820.1
Cluster 2	AT4G29610.1
Cluster 2	AT1G21500.1
Cluster 2	AT1G74800.1
Cluster 2	AT3G54900.1
Cluster 2	AT2G31170.1
Cluster 2	AT3G17910.1
Cluster 2	AT3G27810.1
Cluster 2	AT1G47550.2
Cluster 2	AT1G50900.1
Cluster 2	AT2G38180.1
Cluster 2	AT5G38560.1
Cluster 2	AT4G00520.2
Cluster 2	AT3G18260.1
Cluster 2	AT1G69070.1
Cluster 2	AT5G05760.1
Cluster 2	AT5G19310.1
Cluster 2	AT5G20910.1
Cluster 2	AT4G31930.1
Cluster 2	AT3G55620.1
Cluster 2	AT2G19670.1
Cluster 2	AT2G21600.1
Cluster 2	AT1G77130.1
Cluster 2	AT1G10700.1
Cluster 2	AT1G80920.1
Cluster 2	AT4G40000.1
Cluster 2	AT3G18680.1
Cluster 2	AT2G03690.1
Cluster 2	AT2G23090.1
Cluster 2	AT1G64280.1
Cluster 2	AT5G56760.1
Cluster 2	AT2G42070.1
Cluster 2	AT5G11680.1
Cluster 2	AT1G45231.2
Cluster 2	AT1G47240.1
Cluster 2	AT1G50300.1
Cluster 2	AT2G31610.1
Cluster 2	AT3G22750.1
Cluster 2	AT1G08530.1
Cluster 2	AT3G04880.1
Cluster 2	AT2G31890.1
Cluster 2	AT4G34270.1
Cluster 2	AT5G10900.1
Cluster 2	AT1G51500.1
Cluster 2	AT1G69260.1
Cluster 2	AT5G27870.1
Cluster 2	AT1G06520.1
Cluster 2	AT1G72750.1
Cluster 2	AT4G39040.1
Cluster 2	AT3G54460.1
Cluster 2	AT3G60370.1
Cluster 2	AT3G57910.1
Cluster 2	AT5G14240.1
Cluster 2	AT4G19660.1
Cluster 2	AT3G28715.1
Cluster 2	AT4G26430.1
Cluster 2	AT1G73110.1
Cluster 2	ATCG01010.1
Cluster 2	AT5G03850.1
Cluster 2	AT2G38950.1
Cluster 2	AT5G22860.1
Cluster 2	AT1G60220.1
Cluster 2	AT5G18700.1
Cluster 2	AT2G16570.1
Cluster 2	AT2G22370.1
Cluster 2	AT1G13210.1
Cluster 2	AT5G52820.1
Cluster 2	AT3G07250.1
Cluster 2	AT5G16830.1
Cluster 2	AT1G50120.1
Cluster 2	AT1G20680.1
Cluster 2	AT4G00300.1
Cluster 2	AT1G71900.1
Cluster 2	AT1G32380.1
Cluster 2	AT4G32700.2
Cluster 2	AT4G17510.1
Cluster 2	AT3G23270.1
Cluster 2	AT5G62440.1
Cluster 2	AT5G43920.1
Cluster 2	AT5G03900.2
Cluster 2	AT5G08590.1
Cluster 2	AT5G27670.1
Cluster 2	AT5G04710.1
Cluster 2	AT2G21790.1
Cluster 2	AT5G62500.1
Cluster 2	AT2G38050.1
Cluster 2	AT5G53160.2
Cluster 2	AT1G69210.1
Cluster 2	AT5G59150.1
Cluster 2	AT4G32030.1
Cluster 2	AT1G04630.1
Cluster 2	AT5G47790.1
Cluster 2	AT4G26760.1
Cluster 2	AT4G33070.1
Cluster 2	AT3G27160.1
Cluster 2	AT5G58430.1
Cluster 2	AT4G26230.1
Cluster 2	AT1G24310.1
Cluster 2	AT3G25780.1
Cluster 2	AT5G47435.2
Cluster 2	AT3G02630.1
Cluster 2	AT3G03940.1
Cluster 2	AT5G60730.1
Cluster 2	AT5G27200.1
Cluster 2	AT5G41480.1
Cluster 2	AT3G16840.1
Cluster 2	AT2G42780.1
Cluster 2	AT5G64160.1
Cluster 2	AT2G46170.1
Cluster 2	AT5G42750.1
Cluster 2	AT3G07370.1
Cluster 2	AT1G26340.1
Cluster 2	AT5G47120.1
Cluster 2	AT3G04910.1
Cluster 2	AT2G36230.1
Cluster 2	AT2G36660.1
Cluster 2	AT1G02870.1
Cluster 2	AT5G20520.1
Cluster 2	AT3G04780.1
Cluster 2	AT4G12110.1
Cluster 2	AT3G58180.1
Cluster 2	AT4G25910.1
Cluster 2	AT5G23440.1
Cluster 2	AT1G23010.1
Cluster 2	AT4G13170.1
Cluster 2	AT3G52190.1
Cluster 2	AT3G06410.1
Cluster 2	AT5G15870.1
Cluster 2	AT3G16810.1
Cluster 2	AT1G06210.1
Cluster 2	AT1G18040.1
Cluster 2	AT3G02680.1
Cluster 2	AT4G14430.1
Cluster 2	AT4G02730.1
Cluster 2	AT5G16550.1
Cluster 2	AT3G12110.1
Cluster 2	AT5G40080.1
Cluster 2	AT3G01610.1
Cluster 2	AT1G31190.1
Cluster 2	AT4G02980.1
Cluster 2	AT1G51660.1
Cluster 2	AT4G11175.1
Cluster 2	AT2G25570.3
Cluster 2	AT3G13640.1
Cluster 2	AT1G03270.1
Cluster 2	AT2G19385.1
Cluster 2	AT3G53260.1
Cluster 2	AT3G53960.1
Cluster 2	AT2G46250.1
Cluster 2	AT5G01220.1
Cluster 2	AT1G78880.1
Cluster 2	AT1G47750.1
Cluster 2	AT4G16690.1
Cluster 2	AT2G35240.1
Cluster 2	AT2G39290.1
Cluster 2	AT4G29910.1
Cluster 2	AT4G02080.1
Cluster 2	AT5G15920.1
Cluster 2	AT3G06030.1
Cluster 2	AT4G29430.1
Cluster 2	AT5G66750.1
Cluster 2	AT1G02000.1
Cluster 2	AT5G13400.1
Cluster 2	AT3G20970.1
Cluster 2	AT2G46880.1
Cluster 2	AT4G21810.1
Cluster 2	AT5G25480.1
Cluster 2	AT2G04940.1
Cluster 2	AT2G01440.1
Cluster 2	AT5G41150.1
Cluster 2	AT4G23920.1
Cluster 2	AT4G39650.1
Cluster 2	AT4G23690.1
Cluster 2	AT5G57890.1
Cluster 2	AT2G29990.1
Cluster 2	AT4G29830.1
Cluster 2	AT1G54350.1
Cluster 2	AT1G18480.1
Cluster 2	AT1G03310.2
Cluster 2	AT2G23800.1
Cluster 2	AT2G19130.1
Cluster 2	AT5G43070.1
Cluster 2	AT2G46580.1
Cluster 2	AT5G47070.1
Cluster 2	AT3G61770.1
Cluster 2	AT5G61670.2
Cluster 2	AT4G14240.1
Cluster 2	AT4G29360.1
Cluster 2	AT5G08390.1
Cluster 2	AT3G04620.1
Cluster 2	AT2G01910.1
Cluster 2	AT1G15780.1
Cluster 2	AT3G56850.1
Cluster 2	AT3G27100.2
Cluster 2	AT5G23300.1
Cluster 2	AT1G78010.1
Cluster 2	AT5G27320.1
Cluster 2	AT1G80440.1
Cluster 2	AT2G43420.1
Cluster 2	AT2G13440.1
Cluster 2	AT2G23600.1
Cluster 2	AT5G55500.1
Cluster 2	AT5G12480.1
Cluster 2	AT1G16000.1
Cluster 2	AT2G47970.1
Cluster 2	AT4G33230.1
Cluster 2	AT5G22120.1
Cluster 2	AT3G53390.1
Cluster 2	AT1G20670.1
Cluster 2	AT5G62140.1
Cluster 2	AT1G13180.1
Cluster 2	AT4G19640.1
Cluster 2	AT4G38880.1
Cluster 2	AT1G51610.1
Cluster 2	AT4G29400.1
Cluster 2	AT1G10730.1
Cluster 2	AT3G04230.1
Cluster 2	AT1G36280.1
Cluster 2	AT5G04170.1
Cluster 2	AT3G21865.1
Cluster 2	AT3G01790.2
Cluster 2	AT1G11250.1
Cluster 2	AT1G03220.1
Cluster 2	AT3G51390.1
Cluster 2	AT2G34380.1
Cluster 2	AT4G14440.1
Cluster 2	AT4G33350.1
Cluster 2	AT3G25585.4
Cluster 2	AT5G12400.1
Cluster 2	AT5G60670.1
Cluster 2	AT5G50420.1
Cluster 2	AT1G62450.1
Cluster 2	AT4G10760.1
Cluster 2	AT1G29920.1
Cluster 2	AT5G53890.1
Cluster 2	AT5G23710.1
Cluster 2	AT3G12370.1
Cluster 2	AT2G36350.1
Cluster 2	AT1G75010.1
Cluster 2	AT2G39550.1
Cluster 2	AT3G20560.1
Cluster 2	AT3G13350.1
Cluster 2	AT4G08810.1
Cluster 2	AT1G15080.1
Cluster 2	AT5G42765.1
Cluster 2	AT1G80560.1
Cluster 2	AT5G52340.1
Cluster 2	AT1G74380.1
Cluster 2	AT2G03430.1
Cluster 2	AT5G12100.1
Cluster 2	AT1G26660.2
Cluster 2	AT3G24860.1
Cluster 2	AT1G56590.1
Cluster 2	AT1G22620.1
Cluster 2	AT5G52860.1
Cluster 2	AT5G44320.1
Cluster 2	AT5G02850.1
Cluster 2	AT1G43710.1
Cluster 2	AT4G08480.1
Cluster 2	AT4G08520.1
Cluster 2	AT4G37430.1
Cluster 2	AT5G14710.1
Cluster 2	AT3G56290.1
Cluster 2	AT2G27130.1
Cluster 2	AT1G28270.1
Cluster 2	AT1G15660.1
Cluster 2	AT4G35890.1
Cluster 2	AT1G47530.1
Cluster 2	AT4G32050.1
Cluster 2	AT2G20840.1
Cluster 2	AT2G31270.1
Cluster 2	AT2G42160.1
Cluster 2	AT1G14140.1
Cluster 2	AT1G28760.1
Cluster 2	AT4G31590.1
Cluster 2	AT5G51545.1
Cluster 2	AT4G18930.1
Cluster 2	AT1G73590.1
Cluster 2	AT5G19240.1
Cluster 2	AT1G66150.1
Cluster 2	AT4G26455.1
Cluster 2	AT5G27410.2
Cluster 2	AT1G49950.3
Cluster 2	AT2G32640.1
Cluster 2	AT5G53350.1
Cluster 2	AT3G22845.1
Cluster 2	AT5G26880.1
Cluster 2	AT5G60250.1
Cluster 2	AT1G21170.1
Cluster 2	AT1G13120.1
Cluster 2	AT3G12590.1
Cluster 2	AT3G48425.1
Cluster 2	AT3G25940.1
Cluster 2	AT3G46460.1
Cluster 2	AT1G72270.1
Cluster 2	AT1G72520.1
Cluster 2	AT2G32380.1
Cluster 2	AT2G19080.1
Cluster 2	AT4G10620.1
Cluster 2	AT2G21320.1
Cluster 2	ATMG00180.1
Cluster 2	AT2G02140.1
Cluster 2	AT5G39990.1
Cluster 2	AT3G11510.1
Cluster 2	AT1G11760.1
Cluster 2	AT2G18990.1
Cluster 2	AT1G56350.1
Cluster 2	AT2G24440.1
Cluster 2	AT1G04950.3
Cluster 2	AT2G46505.1
Cluster 2	AT1G58200.2
Cluster 2	AT5G37630.1
Cluster 2	AT2G21890.1
Cluster 2	AT3G10300.3
Cluster 2	AT1G64960.1
Cluster 2	AT4G29305.1
Cluster 2	AT5G22300.1
Cluster 2	AT1G78670.1
Cluster 2	AT4G32960.1
Cluster 2	AT5G04890.1
Cluster 2	AT1G14510.1
Cluster 2	AT1G59970.1
Cluster 2	AT1G17100.1
Cluster 2	AT1G09450.1
Cluster 2	AT4G38440.1
Cluster 2	AT3G05470.1
Cluster 2	AT3G61150.1
Cluster 2	AT4G19600.1
Cluster 2	AT4G00750.1
Cluster 2	AT1G59990.1
Cluster 2	AT5G11260.1
Cluster 2	AT1G65520.1
Cluster 2	AT2G32070.1
Cluster 2	AT4G03180.1
Cluster 2	AT1G75780.1
Cluster 2	AT5G19390.2
Cluster 2	AT4G05440.1
Cluster 2	AT1G51650.1
Cluster 2	AT4G16144.1
Cluster 2	AT4G02940.1
Cluster 2	AT2G21370.1
Cluster 2	AT1G17760.1
Cluster 2	AT1G22740.1
Cluster 2	AT3G56910.1
Cluster 2	AT5G07830.1
Cluster 2	ATMG00830.1
Cluster 2	AT5G46240.1
Cluster 2	AT1G32400.3
Cluster 2	AT5G17660.1
Cluster 2	AT2G18390.1
Cluster 2	AT1G27100.1
Cluster 2	AT5G06910.1
Cluster 2	AT5G45020.2
Cluster 2	AT2G38720.1
Cluster 2	AT5G41580.1
Cluster 2	AT5G03070.1
Cluster 2	AT3G51980.1
Cluster 2	AT1G72680.1
Cluster 2	AT1G07210.1
Cluster 2	AT3G14600.1
Cluster 2	AT2G04650.1
Cluster 2	AT5G41020.1
Cluster 2	AT2G29580.1
Cluster 2	AT2G19490.1
Cluster 2	AT2G24500.1
Cluster 2	AT1G14130.1
Cluster 2	AT2G23810.1
Cluster 2	AT1G01750.1
Cluster 2	AT1G10230.1
Cluster 2	AT1G19580.1
Cluster 2	AT3G14390.1
Cluster 2	AT4G08455.1
Cluster 2	AT2G26400.1
Cluster 2	AT4G15780.1
Cluster 2	AT1G65320.1
Cluster 2	AT2G39820.1
Cluster 2	AT1G33040.1
Cluster 2	AT4G40050.1
Cluster 2	AT5G43860.1
Cluster 2	AT5G05450.1
Cluster 2	AT3G07220.1
Cluster 2	AT5G06580.1
Cluster 2	AT4G27910.1
Cluster 2	AT4G37990.1
Cluster 2	AT5G08410.1
Cluster 2	AT1G58060.1
Cluster 2	AT1G17690.1
Cluster 2	AT3G45830.1
Cluster 2	AT1G63250.1
Cluster 2	AT5G35670.1
Cluster 2	AT4G26770.1
Cluster 2	AT1G76710.2
Cluster 2	AT2G27900.2
Cluster 2	AT2G20930.1
Cluster 2	AT4G02150.1
Cluster 2	AT1G22380.1
Cluster 2	AT2G38760.1
Cluster 2	AT1G79470.1
Cluster 2	AT2G43110.1
Cluster 2	AT2G23460.1
Cluster 2	AT1G49350.1
Cluster 2	AT3G08010.1
Cluster 2	AT1G78050.1
Cluster 2	AT4G34150.1
Cluster 2	AT2G02510.1
Cluster 2	AT1G26170.1
Cluster 2	AT4G12750.1
Cluster 2	AT1G33610.1
Cluster 2	AT1G54380.1
Cluster 2	AT5G20740.1
Cluster 2	AT4G32130.1
Cluster 2	AT4G32060.1
Cluster 2	AT2G27200.1
Cluster 2	AT5G42810.1
Cluster 2	AT5G10500.1
Cluster 2	AT1G05070.1
Cluster 2	AT2G40080.1
Cluster 2	AT5G23250.1
Cluster 2	AT1G69390.1
Cluster 2	AT1G54320.1
Cluster 2	AT1G21900.1
Cluster 2	AT3G20720.2
Cluster 2	AT5G41600.1
Cluster 2	AT2G28390.1
Cluster 2	AT1G05010.1
Cluster 2	AT3G22740.1
Cluster 2	AT4G23890.1
Cluster 2	AT1G62780.1
Cluster 2	AT1G07230.1
Cluster 2	AT5G07370.4
Cluster 2	AT5G58740.1
Cluster 2	AT5G41880.1
Cluster 2	AT2G39350.1
Cluster 2	AT1G45688.1
Cluster 2	AT5G58110.1
Cluster 2	AT3G24315.1
Cluster 2	AT1G72090.1
Cluster 2	AT5G55710.1
Cluster 2	AT1G75100.1
Cluster 2	AT2G38680.1
Cluster 2	AT5G28640.1
Cluster 2	AT1G72280.1
Cluster 2	AT2G45220.1
Cluster 2	AT1G79590.2
Cluster 2	AT3G22660.1
Cluster 2	AT5G12380.1
Cluster 2	AT1G24540.1
Cluster 2	ATCG01110.1
Cluster 2	AT1G80840.1
Cluster 2	AT3G52840.1
Cluster 2	AT1G26160.1
Cluster 2	AT2G04660.1
Cluster 2	AT4G14090.1
Cluster 2	AT2G24590.1
Cluster 2	AT2G33320.1
Cluster 2	AT1G22270.1
Cluster 2	AT5G60590.2
Cluster 2	AT5G61500.1
Cluster 2	AT1G17750.1
Cluster 2	AT2G19540.1
Cluster 2	AT5G17990.1
Cluster 2	AT1G21720.1
Cluster 2	AT5G22840.1
Cluster 2	AT3G26125.1
Cluster 2	AT4G12060.1
Cluster 2	AT2G46180.1
Cluster 2	AT5G52360.1
Cluster 2	AT1G74230.1
Cluster 2	AT3G50520.1
Cluster 2	AT5G62050.1
Cluster 2	AT4G09730.1
Cluster 2	AT2G34730.2
Cluster 2	AT1G73820.1
Cluster 2	AT4G04850.2
Cluster 2	AT2G17320.1
Cluster 2	AT1G27470.1
Cluster 2	AT5G20690.1
Cluster 2	AT5G38630.1
Cluster 2	AT2G19010.1
Cluster 2	AT5G48870.1
Cluster 2	AT1G20770.1
Cluster 2	AT5G23580.1
Cluster 2	AT1G02450.1
Cluster 2	AT1G02010.1
Cluster 2	AT3G18990.1
Cluster 2	AT1G56290.1
Cluster 2	AT1G71080.1
Cluster 2	AT5G12900.1
Cluster 2	AT3G01400.1
Cluster 2	AT5G59300.1
Cluster 2	AT4G17270.1
Cluster 2	AT2G19240.1
Cluster 2	AT5G13780.1
Cluster 2	AT1G60080.1
Cluster 2	AT1G71800.1
Cluster 2	AT5G43710.1
Cluster 2	AT5G16150.3
Cluster 2	AT3G15020.1
Cluster 2	AT5G44410.1
Cluster 2	AT5G18580.1
Cluster 2	AT2G36950.1
Cluster 2	AT5G57140.1
Cluster 2	AT5G64670.1
Cluster 2	AT3G11700.1
Cluster 2	AT5G54310.1
Cluster 2	AT4G25000.1
Cluster 2	AT1G76490.1
Cluster 2	AT3G62410.1
Cluster 2	AT3G23980.1
Cluster 2	AT5G53530.1
Cluster 2	AT2G36340.1
Cluster 2	AT4G37760.1
Cluster 2	AT4G04885.1
Cluster 2	AT2G39810.1
Cluster 2	AT5G18570.1
Cluster 2	AT3G49140.1
Cluster 2	AT4G11240.1
Cluster 2	AT4G10960.1
Cluster 2	AT4G19610.1
Cluster 2	AT5G55310.1
Cluster 2	AT2G47580.1
Cluster 2	AT1G29260.1
Cluster 2	AT4G26080.1
Cluster 2	AT4G21540.1
Cluster 2	AT4G14870.1
Cluster 2	AT5G42310.1
Cluster 2	AT4G20960.1
Cluster 2	AT1G80910.1
Cluster 2	AT1G03950.1
Cluster 2	AT3G19480.1
Cluster 2	AT1G15390.1
Cluster 2	AT1G79730.1
Cluster 2	AT5G02250.1
Cluster 2	AT5G67240.1
Cluster 2	AT4G13460.2
Cluster 2	AT3G20040.1
Cluster 2	AT3G10390.1
Cluster 2	AT4G35050.1
Cluster 2	AT4G11570.2
Cluster 2	AT2G40410.2
Cluster 2	AT4G08960.1
Cluster 2	AT2G30575.1
Cluster 2	AT5G19730.1
Cluster 2	AT5G56290.1
Cluster 2	AT2G24060.1
Cluster 2	AT4G36390.1
Cluster 2	AT3G03480.1
Cluster 2	AT1G06840.1
Cluster 2	AT1G50710.1
Cluster 2	AT1G09520.1
Cluster 2	AT1G04730.1
Cluster 2	AT5G41340.1
Cluster 2	AT5G57210.1
Cluster 2	AT1G36730.1
Cluster 2	AT4G32150.1
Cluster 2	AT3G14780.1
Cluster 2	AT4G13050.1
Cluster 2	AT1G51740.1
Cluster 2	AT5G43720.1
Cluster 2	AT4G17050.1
Cluster 2	AT5G54910.1
Cluster 2	AT4G37040.1
Cluster 2	AT1G53030.1
Cluster 2	AT5G61840.1
Cluster 2	AT3G09210.1
Cluster 2	AT4G28200.1
Cluster 2	AT3G15060.1
Cluster 2	AT2G36145.1
Cluster 2	AT1G73200.1
Cluster 2	AT1G07790.1
Cluster 2	AT5G13760.1
Cluster 2	AT1G17420.1
Cluster 2	AT1G04110.1
Cluster 2	AT5G35080.1
Cluster 2	AT4G18820.1
Cluster 2	AT5G03370.1
Cluster 2	AT1G24470.1
Cluster 2	AT4G22150.1
Cluster 2	AT3G62860.1
Cluster 2	AT2G45980.1
Cluster 2	AT5G40890.1
Cluster 2	AT2G35790.1
Cluster 2	AT1G18590.1
Cluster 2	AT4G24710.1
Cluster 2	AT5G13270.1
Cluster 2	AT4G38170.1
Cluster 2	AT5G54580.1
Cluster 2	AT1G64350.1
Cluster 2	AT1G75850.1
Cluster 2	AT1G49380.1
Cluster 2	AT2G35190.1
Cluster 2	AT5G67220.1
Cluster 2	AT1G75980.1
Cluster 2	AT5G38110.1
Cluster 2	AT5G42190.1
Cluster 2	AT5G08415.1
Cluster 2	AT1G07180.1
Cluster 2	AT1G03530.1
Cluster 2	AT5G07460.1
Cluster 2	AT3G55270.1
Cluster 2	AT4G15802.1
Cluster 2	AT3G51510.1
Cluster 2	AT2G31140.1
Cluster 2	ATCG00520.1
Cluster 2	AT1G73920.1
Cluster 2	AT4G36040.1
Cluster 2	AT1G51400.1
Cluster 2	AT2G34490.1
Cluster 2	AT3G55510.1
Cluster 2	AT3G48540.1
Cluster 2	AT2G40460.1
Cluster 2	AT1G53510.1
Cluster 2	AT5G10870.1
Cluster 2	AT3G63000.1
Cluster 2	AT1G08560.1
Cluster 2	AT1G08400.1
Cluster 2	AT5G43750.1
Cluster 2	AT1G50400.1
Cluster 2	AT3G03490.1
Cluster 2	AT5G45750.1
Cluster 2	AT4G35460.1
Cluster 2	AT1G03760.1
Cluster 2	AT3G54920.1
Cluster 2	AT3G12710.1
Cluster 2	AT1G05310.1
Cluster 2	AT3G23640.2
Cluster 2	AT5G48485.1
Cluster 2	AT4G08500.1
Cluster 2	AT5G62680.1
Cluster 2	AT4G24940.1
Cluster 2	AT4G34340.1
Cluster 2	AT2G19760.1
Cluster 2	AT5G38170.1
Cluster 2	AT3G45640.1
Cluster 2	AT5G37360.1
Cluster 2	AT3G15380.1
Cluster 2	AT3G10540.1
Cluster 2	AT2G38410.1
Cluster 2	AT5G64870.1
Cluster 2	AT5G04900.1
Cluster 2	AT1G73030.1
Cluster 2	AT1G04860.1
Cluster 2	AT2G30010.1
Cluster 2	AT5G37055.1
Cluster 2	AT1G48790.1
Cluster 2	AT3G26630.1
Cluster 2	AT1G45000.1
Cluster 2	AT3G06483.1
Cluster 2	AT4G02610.1
Cluster 2	AT5G02800.1
Cluster 2	AT1G06820.1
Cluster 2	AT4G00030.1
Cluster 2	AT3G07790.1
Cluster 2	AT5G23110.1
Cluster 2	AT1G26690.1
Cluster 2	AT5G25510.1
Cluster 2	AT5G61460.1
Cluster 2	AT5G47560.1
Cluster 2	AT5G01290.1
Cluster 2	AT5G47540.1
Cluster 2	AT3G16460.2
Cluster 2	AT5G42920.2
Cluster 2	AT4G00026.1
Cluster 2	AT3G05040.1
Cluster 2	AT4G25180.1
Cluster 2	AT4G19190.1
Cluster 2	AT1G65480.1
Cluster 2	AT1G20580.1
Cluster 2	AT3G03630.1
Cluster 2	AT1G26670.1
Cluster 2	AT1G16700.1
Cluster 2	AT2G17900.1
Cluster 2	AT5G39860.1
Cluster 2	AT3G18270.1
Cluster 2	AT1G71350.1
Cluster 2	AT1G70940.1
Cluster 2	AT5G22750.1
Cluster 2	AT1G66400.1
Cluster 2	AT2G39795.1
Cluster 2	AT4G38680.1
Cluster 2	AT5G52210.2
Cluster 2	AT1G60390.1
Cluster 2	AT3G62790.1
Cluster 2	AT1G53300.1
Cluster 2	AT5G08040.1
Cluster 2	AT5G51540.1
Cluster 2	AT1G11755.1
Cluster 2	AT3G09970.1
Cluster 2	AT4G14342.1
Cluster 2	AT3G27120.1
Cluster 2	AT5G25550.1
Cluster 2	AT2G47250.1
Cluster 2	AT4G35910.1
Cluster 2	AT5G64070.1
Cluster 2	AT3G22860.1
Cluster 2	AT3G18420.1
Cluster 2	AT2G47400.1
Cluster 2	AT3G07950.1
Cluster 2	AT1G01725.1
Cluster 2	AT4G26370.1
Cluster 2	AT4G04780.1
Cluster 2	AT1G04880.1
Cluster 2	AT2G38290.1
Cluster 2	AT1G76730.1
Cluster 2	AT2G16800.1
Cluster 2	AT3G10640.1
Cluster 2	AT1G67490.1
Cluster 2	AT2G38310.1
Cluster 2	AT1G71260.1
Cluster 2	AT1G77720.1
Cluster 2	AT4G27700.1
Cluster 2	AT3G60620.1
Cluster 2	AT3G12740.1
Cluster 2	AT3G23820.1
Cluster 2	AT5G13720.1
Cluster 2	AT5G67330.1
Cluster 2	AT5G59240.1
Cluster 2	AT4G02800.1
Cluster 2	AT5G53580.1
Cluster 2	AT1G20850.1
Cluster 2	AT4G16700.1
Cluster 2	AT1G65030.1
Cluster 2	AT3G09900.1
Cluster 2	AT5G56090.1
Cluster 2	AT5G66280.1
Cluster 2	AT4G26270.1
Cluster 2	AT4G08850.1
Cluster 2	AT1G28130.1
Cluster 2	AT1G54520.1
Cluster 2	AT5G10060.1
Cluster 2	AT1G13160.1
Cluster 2	AT1G73630.1
Cluster 2	AT1G01600.1
Cluster 2	AT1G71440.1
Cluster 2	AT1G18740.1
Cluster 2	AT5G40270.1
Cluster 2	AT1G75090.1
Cluster 2	ATMG01270.1
Cluster 2	AT3G16380.1
Cluster 2	AT2G16630.1
Cluster 2	AT2G34770.1
Cluster 2	AT3G60130.1
Cluster 2	AT2G02220.1
Cluster 2	AT4G08920.1
Cluster 2	AT3G55605.1
Cluster 2	AT4G24750.1
Cluster 2	AT3G50860.1
Cluster 2	AT4G27840.1
Cluster 2	AT1G08640.1
Cluster 2	AT2G44500.1
Cluster 2	AT5G08330.1
Cluster 2	AT4G00720.1
Cluster 2	AT5G44800.1
Cluster 2	AT1G29530.1
Cluster 2	AT5G06760.1
Cluster 2	AT1G22100.1
Cluster 2	AT1G60640.2
Cluster 2	AT3G19770.1
Cluster 2	AT4G28590.1
Cluster 2	AT3G60360.1
Cluster 2	AT1G72020.1
Cluster 2	AT2G27760.1
Cluster 2	AT1G72040.1
Cluster 2	AT3G61620.2
Cluster 2	AT1G03210.1
Cluster 2	AT1G79260.1
Cluster 2	AT3G48210.1
Cluster 2	AT1G71850.1
Cluster 2	AT1G12550.1
Cluster 2	AT5G58760.1
Cluster 2	AT4G29040.1
Cluster 2	AT5G03080.1
Cluster 2	AT2G42940.1
Cluster 2	AT2G45970.1
Cluster 2	AT1G01930.1
Cluster 2	AT3G18940.1
Cluster 2	AT2G18400.1
Cluster 2	AT5G53770.1
Cluster 2	AT5G25270.1
Cluster 2	AT5G50100.1
Cluster 2	AT1G48170.1
Cluster 2	AT2G22870.1
Cluster 2	AT3G54090.1
Cluster 2	AT1G32300.1
Cluster 2	AT5G24840.1
Cluster 2	AT4G03250.1
Cluster 2	AT3G49870.1
Cluster 2	AT5G22100.1
Cluster 2	AT3G27190.1
Cluster 2	AT1G61850.1
Cluster 2	AT4G37130.1
Cluster 2	AT1G03130.1
Cluster 2	AT3G01800.1
Cluster 2	AT5G58970.1
Cluster 2	AT4G34920.1
Cluster 2	AT4G11660.1
Cluster 2	AT5G57590.1
Cluster 2	AT1G06770.1
Cluster 2	AT5G14760.1
Cluster 2	AT5G52430.1
Cluster 2	AT4G14716.1
Cluster 2	AT3G49320.1
Cluster 2	AT1G55830.2
Cluster 2	AT5G05590.1
Cluster 2	AT4G02440.1
Cluster 2	AT5G10080.1
Cluster 2	AT4G15180.1
Cluster 2	AT3G08020.1
Cluster 2	AT3G21630.1
Cluster 2	AT4G14145.1
Cluster 2	AT4G25890.1
Cluster 2	AT4G10040.1
Cluster 2	AT2G44510.1
Cluster 2	AT5G56940.1
Cluster 2	AT2G44950.1
Cluster 2	AT4G25540.1
Cluster 2	AT3G58470.1
Cluster 2	AT3G20020.1
Cluster 2	AT5G53280.1
Cluster 2	AT3G20780.1
Cluster 2	AT1G04260.1
Cluster 2	AT2G24580.1
Cluster 2	AT5G40660.1
Cluster 2	AT1G19730.1
Cluster 2	AT2G03550.1
Cluster 2	AT5G21940.1
Cluster 2	AT1G74320.1
Cluster 2	AT3G18690.1
Cluster 2	AT4G34960.1
Cluster 2	AT2G40950.1
Cluster 2	AT1G67440.1
Cluster 2	AT1G01120.1
Cluster 2	AT3G60840.1
Cluster 2	ATCG01070.1
Cluster 2	AT3G53230.1
Cluster 2	AT2G17190.1
Cluster 2	AT2G39630.1
Cluster 2	AT1G17730.1
Cluster 2	AT1G33780.1
Cluster 2	AT4G17560.1
Cluster 2	AT3G61530.2
Cluster 2	AT5G22060.1
Cluster 2	AT4G35730.1
Cluster 2	AT5G04600.1
Cluster 2	AT1G66750.1
Cluster 2	AT5G48543.1
Cluster 2	AT3G15630.1
Cluster 2	AT1G27320.1
Cluster 2	AT1G53440.1
Cluster 2	AT1G05055.1
Cluster 2	AT3G53410.1
Cluster 2	AT1G01820.1
Cluster 2	AT5G39340.1
Cluster 2	AT1G32360.1
Cluster 2	AT5G56130.1
Cluster 2	AT3G20550.1
Cluster 2	AT2G41670.1
Cluster 2	AT4G16280.2
Cluster 2	AT3G10940.1
Cluster 2	AT2G47620.1
Cluster 2	AT1G79020.1
Cluster 2	AT5G04120.1
Cluster 2	AT1G09330.1
Cluster 2	AT3G11270.1
Cluster 2	AT2G05310.1
Cluster 2	AT5G58800.2
Cluster 2	AT5G09770.1
Cluster 2	AT4G11680.1
Cluster 2	AT1G52340.1
Cluster 2	AT3G52420.1
Cluster 2	AT3G21820.1
Cluster 2	AT5G07960.1
Cluster 2	AT5G17440.1
Cluster 2	AT2G40940.1
Cluster 2	AT3G01740.1
Cluster 2	AT1G43800.1
Cluster 2	AT2G23080.1
Cluster 2	AT2G35610.1
Cluster 2	AT1G45145.1
Cluster 2	AT5G06410.1
Cluster 2	AT1G73250.1
Cluster 2	AT4G28740.1
Cluster 2	AT5G60510.1
Cluster 2	AT2G32930.2
Cluster 2	AT1G53130.1
Cluster 2	AT1G07410.1
Cluster 2	AT1G49580.1
Cluster 2	AT3G47120.1
Cluster 2	AT5G42070.1
Cluster 2	AT1G26120.1
Cluster 2	AT4G06634.1
Cluster 2	AT3G44300.1
Cluster 2	AT1G17210.1
Cluster 2	AT5G60860.1
Cluster 2	AT2G25310.1
Cluster 2	AT1G04970.1
Cluster 2	AT3G04820.1
Cluster 2	AT4G11760.1
Cluster 2	AT5G14530.1
Cluster 2	AT5G11390.1
Cluster 2	AT4G16265.1
Cluster 2	AT3G05000.1
Cluster 2	AT5G17980.1
Cluster 2	AT5G65810.1
Cluster 2	AT1G08700.1
Cluster 2	AT4G36580.1
Cluster 2	AT1G52600.1
Cluster 2	AT5G52540.1
Cluster 2	AT1G71810.1
Cluster 2	AT3G09260.1
Cluster 2	AT1G68760.1
Cluster 2	AT4G13180.1
Cluster 2	AT1G76340.1
Cluster 2	AT1G08960.1
Cluster 2	AT1G75510.1
Cluster 2	AT1G05440.1
Cluster 2	AT4G29330.1
Cluster 2	AT1G67550.1
Cluster 2	AT2G20370.1
Cluster 2	AT5G56280.1
Cluster 2	AT2G05320.1
Cluster 2	AT1G75710.1
Cluster 2	AT5G65180.1
Cluster 2	AT3G24500.1
Cluster 2	AT1G52930.1
Cluster 2	AT5G02480.1
Cluster 2	AT4G02790.1
Cluster 2	AT3G06480.1
Cluster 2	AT5G07320.1
Cluster 2	AT5G49390.1
Cluster 2	AT2G18250.1
Cluster 2	AT4G20930.1
Cluster 2	AT5G09500.1
Cluster 2	AT1G51420.1
Cluster 2	AT5G61605.1
Cluster 2	AT4G29790.1
Cluster 2	AT5G18480.1
Cluster 2	AT5G09920.1
Cluster 2	AT1G58290.1
Cluster 2	AT4G40020.1
Cluster 2	AT5G12180.1
Cluster 2	AT1G49300.2
Cluster 2	AT4G12920.1
Cluster 2	AT5G22790.1
Cluster 2	AT2G17240.1
Cluster 2	AT3G27310.1
Cluster 2	AT1G77930.2
Cluster 2	AT4G30350.1
Cluster 2	AT4G00400.1
Cluster 2	AT5G15170.1
Cluster 2	AT1G76450.1
Cluster 2	AT1G10385.1
Cluster 2	AT5G16000.1
Cluster 2	AT3G12860.1
Cluster 2	AT5G40950.1
Cluster 2	AT1G70980.1
Cluster 2	AT2G18220.1
Cluster 2	AT1G02170.1
Cluster 2	AT1G19450.1
Cluster 2	AT2G37190.1
Cluster 2	AT5G45400.1
Cluster 2	AT5G58590.1
Cluster 2	AT1G54530.1
Cluster 2	AT5G47820.2
Cluster 2	AT5G42320.1
Cluster 2	AT4G14455.1
Cluster 2	AT5G37020.1
Cluster 2	AT5G02570.1
Cluster 2	AT4G37200.1
Cluster 2	AT2G24765.1
Cluster 2	AT2G03170.1
Cluster 2	AT1G80620.1
Cluster 2	AT1G27980.1
Cluster 2	AT2G16910.1
Cluster 2	AT2G03070.1
Cluster 2	AT1G64510.1
Cluster 2	AT4G24020.1
Cluster 2	AT4G16570.1
Cluster 2	AT4G36890.1
Cluster 2	AT1G55460.1
Cluster 2	AT1G75950.1
Cluster 2	AT1G20132.1
Cluster 2	AT3G53030.1
Cluster 2	AT3G18630.1
Cluster 2	AT1G15020.2
Cluster 2	AT1G08770.1
Cluster 2	AT2G16535.1
Cluster 2	AT5G58730.1
Cluster 2	AT4G30790.1
Cluster 2	AT1G07110.1
Cluster 2	AT2G20680.1
Cluster 2	AT4G25840.1
Cluster 2	AT1G13330.1
Cluster 2	AT3G62400.1
Cluster 2	AT5G17900.1
Cluster 2	ATMG00090.1
Cluster 2	AT1G16740.1
Cluster 2	AT2G16505.1
Cluster 2	AT2G25210.1
Cluster 2	AT2G29125.1
Cluster 2	AT2G40590.1
Cluster 2	AT1G45474.2
Cluster 2	AT4G10140.1
Cluster 2	AT4G28700.1
Cluster 2	AT5G12190.1
Cluster 2	AT1G26910.1
Cluster 2	AT2G20340.1
Cluster 2	AT2G15290.1
Cluster 2	AT5G44000.1
Cluster 2	AT4G19860.1
Cluster 2	AT5G41370.1
Cluster 2	AT3G10270.1
Cluster 2	AT5G60540.1
Cluster 2	AT3G11397.1
Cluster 2	AT3G03150.1
Cluster 2	AT5G40650.1
Cluster 2	AT1G02740.1
Cluster 2	AT5G24750.1
Cluster 2	AT5G03340.1
Cluster 2	AT5G06860.1
Cluster 2	AT1G04710.1
Cluster 2	AT3G22180.1
Cluster 2	AT4G22220.1
Cluster 2	AT3G10700.1
Cluster 2	AT1G03360.1
Cluster 2	AT2G42010.1
Cluster 2	AT5G09830.1
Cluster 2	AT1G49245.1
Cluster 2	AT5G60990.1
Cluster 2	AT3G33520.1
Cluster 2	AT3G16980.1
Cluster 2	AT1G27350.1
Cluster 2	AT1G15370.1
Cluster 2	ATMG00080.1
Cluster 2	AT1G48240.1
Cluster 2	AT3G62910.1
Cluster 2	AT5G23310.1
Cluster 2	AT4G18520.1
Cluster 2	AT5G19360.1
Cluster 2	AT3G60440.1
Cluster 2	AT2G03670.1
Cluster 2	AT2G24370.1
Cluster 2	AT3G18030.1
Cluster 2	AT4G17650.1
Cluster 2	AT5G25930.1
Cluster 2	AT1G01900.1
Cluster 2	AT5G21100.1
Cluster 2	AT5G44710.1
Cluster 2	AT1G16190.1
Cluster 2	AT5G56110.1
Cluster 2	AT3G52220.1
Cluster 2	AT2G46110.1
Cluster 2	AT3G09350.1
Cluster 2	AT1G09940.1
Cluster 2	AT2G22910.1
Cluster 2	AT5G22500.1
Cluster 2	AT3G24090.1
Cluster 2	AT5G19200.1
Cluster 2	AT5G04510.1
Cluster 2	AT2G18410.1
Cluster 2	AT3G12680.1
Cluster 2	AT2G02390.3
Cluster 2	AT2G39390.1
Cluster 2	AT1G12930.1
Cluster 2	AT3G21480.1
Cluster 2	AT3G06010.1
Cluster 2	AT2G26040.1
Cluster 2	AT2G37180.1
Cluster 2	AT5G24890.1
Cluster 2	AT1G31480.1
Cluster 2	AT5G55960.1
Cluster 2	AT1G03590.1
Cluster 2	AT3G10520.1
Cluster 2	AT3G59380.1
Cluster 2	AT2G19640.2
Cluster 2	AT4G21560.3
Cluster 2	AT2G31410.1
Cluster 2	AT3G18110.1
Cluster 2	ATCG00730.1
Cluster 2	AT4G18470.1
Cluster 2	AT1G18190.1
Cluster 2	AT5G45130.1
Cluster 2	AT1G10130.1
Cluster 2	AT3G23130.1
Cluster 2	AT3G08890.2
Cluster 2	AT5G17170.1
Cluster 2	AT1G42440.1
Cluster 2	AT3G55980.1
Cluster 2	AT5G60010.1
Cluster 2	AT2G41410.1
Cluster 2	AT5G13140.1
Cluster 2	AT4G34412.1
Cluster 2	AT1G04870.2
Cluster 2	AT2G32980.1
Cluster 2	AT1G63050.1
Cluster 2	AT1G55620.2
Cluster 2	AT3G57130.1
Cluster 2	AT1G77620.1
Cluster 2	AT4G04880.1
Cluster 2	AT5G48840.1
Cluster 2	AT1G72790.1
Cluster 2	AT4G37740.1
Cluster 2	AT5G47720.4
Cluster 2	AT5G19920.1
Cluster 2	AT2G25320.1
Cluster 2	AT3G10190.1
Cluster 2	AT1G08510.1
Cluster 2	AT5G48520.1
Cluster 2	AT3G60961.1
Cluster 2	AT3G02220.1
Cluster 2	AT1G71990.1
Cluster 2	AT5G20170.1
Cluster 2	AT1G76790.1
Cluster 2	AT1G18800.1
Cluster 2	AT2G19860.1
Cluster 2	AT4G36420.1
Cluster 2	AT3G54710.1
Cluster 2	AT1G43580.1
Cluster 2	AT5G40740.1
Cluster 2	AT4G32470.1
Cluster 2	AT3G26410.1
Cluster 2	AT1G03150.1
Cluster 2	AT4G39820.1
Cluster 2	AT2G23380.1
Cluster 2	AT3G18390.1
Cluster 2	AT4G27800.1
Cluster 2	AT5G13020.1
Cluster 2	AT5G64730.1
Cluster 2	AT3G18810.1
Cluster 2	AT1G53590.1
Cluster 2	AT1G65240.1
Cluster 2	AT1G74040.1
Cluster 2	AT3G49000.1
Cluster 2	AT5G38880.1
Cluster 2	AT4G24630.1
Cluster 2	AT1G50575.1
Cluster 2	AT4G18596.1
Cluster 2	AT5G66080.1
Cluster 2	AT1G72440.1
Cluster 2	AT3G24530.1
Cluster 2	AT4G37120.1
Cluster 2	AT2G23670.1
Cluster 2	AT3G12580.1
Cluster 2	AT1G70560.1
Cluster 2	AT5G53920.1
Cluster 2	AT4G32915.1
Cluster 2	AT1G60995.1
Cluster 2	AT1G08890.1
Cluster 2	AT1G07350.1
Cluster 2	AT2G36500.1
Cluster 2	AT5G41190.1
Cluster 2	AT5G06320.1
Cluster 2	AT5G13370.1
Cluster 2	AT5G38530.1
Cluster 2	AT3G16310.1
Cluster 2	AT2G46910.1
Cluster 2	AT1G69770.1
Cluster 2	AT5G24020.1
Cluster 2	AT2G37250.1
Cluster 2	AT3G05230.1
Cluster 2	AT1G56170.2
Cluster 2	AT2G35320.1
Cluster 2	AT1G59910.1
Cluster 2	AT1G11060.1
Cluster 2	AT1G06560.1
Cluster 2	AT2G36060.2
Cluster 2	AT4G39890.1
Cluster 2	AT5G09380.1
Cluster 2	AT3G17750.1
Cluster 2	AT2G43080.1
Cluster 2	AT4G28090.1
Cluster 2	AT5G63910.1
Cluster 2	AT5G26210.1
Cluster 2	AT3G08950.1
Cluster 2	AT1G49710.1
Cluster 2	AT3G50110.1
Cluster 2	AT3G05580.1
Cluster 2	AT2G31200.1
Cluster 2	AT4G25740.1
Cluster 2	AT1G48570.1
Cluster 2	AT2G26260.1
Cluster 2	AT5G43850.1
Cluster 2	AT4G10790.1
Cluster 2	AT3G11410.1
Cluster 2	AT5G56580.1
Cluster 2	AT4G09340.1
Cluster 2	AT2G36930.1
Cluster 2	AT5G64650.1
Cluster 2	AT3G32940.1
Cluster 2	AT4G26160.1
Cluster 2	AT2G35960.1
Cluster 2	AT5G18900.1
Cluster 2	AT3G11040.1
Cluster 2	ATCG00560.1
Cluster 2	AT3G15355.1
Cluster 2	AT2G35100.1
Cluster 2	AT4G24370.1
Cluster 2	AT4G31200.3
Cluster 2	AT1G10522.2
Cluster 2	AT1G07705.2
Cluster 2	AT2G29420.1
Cluster 2	AT3G61470.1
Cluster 2	AT3G48590.1
Cluster 2	AT4G20420.1
Cluster 2	AT4G21270.1
Cluster 2	AT2G20635.1
Cluster 2	AT5G56170.1
Cluster 2	AT3G16190.1
Cluster 2	ATCG00650.1
Cluster 2	AT3G16990.1
Cluster 2	AT2G48110.1
Cluster 2	AT4G19170.1
Cluster 2	AT4G18430.1
Cluster 2	AT3G23700.1
Cluster 2	AT2G42390.1
Cluster 2	AT2G05840.1
Cluster 2	AT1G76460.1
Cluster 2	AT3G25700.1
Cluster 2	AT4G21530.1
Cluster 2	AT1G18170.1
Cluster 2	AT1G09815.1
Cluster 2	AT1G54140.1
Cluster 2	AT4G15850.1
Cluster 2	AT3G12080.1
Cluster 2	AT5G22950.1
Cluster 2	AT1G07380.1
Cluster 2	AT1G71100.1
Cluster 2	AT3G10680.1
Cluster 2	AT1G57770.1
Cluster 2	AT1G10090.1
Cluster 2	AT1G68600.1
Cluster 2	AT5G15802.1
Cluster 2	AT1G75220.1
Cluster 2	AT4G30330.1
Cluster 2	AT1G64040.1
Cluster 2	AT2G25930.1
Cluster 2	AT3G10040.1
Cluster 2	AT2G32590.1
Cluster 2	AT1G74160.1
Cluster 2	AT3G02320.1
Cluster 2	AT3G55340.1
Cluster 2	AT2G46290.1
Cluster 2	AT3G03070.1
Cluster 2	AT2G02040.1
Cluster 2	AT1G01360.1
Cluster 2	AT3G60770.1
Cluster 2	AT1G67620.1
Cluster 2	AT5G04930.1
Cluster 2	AT1G73620.1
Cluster 2	AT5G18650.1
Cluster 2	AT3G17790.1
Cluster 2	AT2G05120.1
Cluster 2	AT2G34050.1
Cluster 2	AT3G46670.1
Cluster 2	AT5G03030.1
Cluster 2	AT3G14160.1
Cluster 2	AT4G14780.1
Cluster 2	AT2G43900.1
Cluster 2	AT1G08250.1
Cluster 2	AT1G26370.1
Cluster 2	AT2G32910.1
Cluster 2	AT1G51350.1
Cluster 2	AT5G56150.1
Cluster 2	AT1G58440.1
Cluster 2	AT1G50020.1
Cluster 2	AT4G38800.1
Cluster 2	AT5G20000.1
Cluster 2	AT5G37350.1
Cluster 2	AT1G76940.1
Cluster 2	AT4G24880.1
Cluster 2	AT3G21560.1
Cluster 2	AT2G31710.1
Cluster 2	AT1G30680.1
Cluster 2	AT5G62600.1
Cluster 2	AT3G20930.1
Cluster 2	AT1G61000.1
Cluster 2	AT2G20060.1
Cluster 2	AT3G10530.1
Cluster 2	AT4G35760.1
Cluster 2	AT2G32765.1
Cluster 2	AT5G22360.1
Cluster 2	AT3G57220.1
Cluster 2	AT2G34357.1
Cluster 2	AT3G61480.1
Cluster 2	AT3G46580.1
Cluster 2	AT2G39940.1
Cluster 2	AT5G63610.1
Cluster 2	AT1G68000.1
Cluster 2	AT1G31920.1
Cluster 2	AT1G18890.1
Cluster 2	AT3G51830.1
Cluster 2	AT5G23720.1
Cluster 2	AT3G61560.2
Cluster 2	AT1G24560.1
Cluster 2	AT3G02900.1
Cluster 2	AT5G17220.1
Cluster 2	AT3G26340.1
Cluster 2	AT3G06730.1
Cluster 2	AT3G26618.1
Cluster 2	AT5G01210.1
Cluster 2	AT5G25610.1
Cluster 2	AT1G72630.1
Cluster 2	AT3G01200.1
Cluster 2	AT5G43050.1
Cluster 2	AT2G27820.1
Cluster 2	AT1G52160.1
Cluster 2	AT3G28900.1
Cluster 2	ATCG00360.1
Cluster 2	AT1G51390.1
Cluster 2	AT3G60020.1
Cluster 2	AT1G54090.1
Cluster 2	AT5G19460.1
Cluster 2	AT3G13610.1
Cluster 2	AT3G07670.1
Cluster 2	AT4G05220.1
Cluster 2	AT5G38600.1
Cluster 2	AT2G44180.1
Cluster 2	AT5G47810.1
Cluster 2	AT3G05650.1
Cluster 2	AT2G15820.1
Cluster 2	AT1G22882.1
Cluster 2	AT1G07645.1
Cluster 2	AT2G24640.1
Cluster 2	AT4G22310.1
Cluster 2	AT1G59830.1
Cluster 2	AT1G48300.1
Cluster 2	AT5G57610.1
Cluster 2	AT5G15330.1
Cluster 2	AT5G53940.1
Cluster 2	AT3G16090.1
Cluster 2	AT1G24610.1
Cluster 2	AT1G03140.1
Cluster 2	AT4G01370.1
Cluster 2	AT3G13670.1
Cluster 2	AT3G29230.1
Cluster 2	AT5G23910.1
Cluster 2	AT2G19330.1
Cluster 2	AT2G16390.1
Cluster 2	AT5G05620.1
Cluster 2	AT4G19006.1
Cluster 2	AT4G14680.1
Cluster 2	AT4G36810.1
Cluster 2	AT4G25290.1
Cluster 2	AT5G52910.1
Cluster 2	AT3G13224.2
Cluster 2	AT1G20150.1
Cluster 2	AT1G15710.1
Cluster 2	AT5G50250.1
Cluster 2	AT3G46550.1
Cluster 2	AT5G61380.1
Cluster 2	AT2G31300.1
Cluster 2	AT1G28120.1
Cluster 2	AT1G55805.1
Cluster 2	AT1G51745.1
Cluster 2	AT5G44650.1
Cluster 2	AT2G42580.1
Cluster 2	AT1G48940.1
Cluster 2	AT5G17620.1
Cluster 2	AT5G42300.1
Cluster 2	AT1G78770.1
Cluster 2	AT2G02050.1
Cluster 2	AT4G35560.2
Cluster 2	AT2G40250.1
Cluster 2	AT5G60550.1
Cluster 2	AT4G01790.1
Cluster 2	AT4G03120.1
Cluster 2	AT5G16310.1
Cluster 2	AT3G63150.1
Cluster 2	AT2G41770.1
Cluster 2	AT4G34620.1
Cluster 2	AT4G13510.1
Cluster 2	AT4G37880.1
Cluster 2	AT5G08610.1
Cluster 2	AT4G09140.1
Cluster 2	AT1G50460.1
Cluster 2	AT5G38900.1
Cluster 2	AT1G44350.1
Cluster 2	AT3G57370.1
Cluster 2	AT2G46710.1
Cluster 2	AT1G23260.1
Cluster 2	AT1G58170.1
Cluster 2	AT4G17960.1
Cluster 2	AT2G28540.2
Cluster 2	AT5G03470.1
Cluster 2	AT5G61580.1
Cluster 2	AT3G51790.1
Cluster 2	AT3G61580.1
Cluster 2	AT1G10310.1
Cluster 2	AT1G64080.1
Cluster 2	AT5G43670.1
Cluster 2	AT2G03290.1
Cluster 2	AT5G28300.1
Cluster 2	AT4G39740.1
Cluster 2	AT1G79860.1
Cluster 2	AT5G13300.1
Cluster 2	AT5G52100.1
Cluster 2	AT2G01640.2
Cluster 2	AT2G42500.1
Cluster 2	AT3G11650.1
Cluster 2	AT2G23390.1
Cluster 2	AT3G15010.2
Cluster 2	AT5G38720.1
Cluster 2	AT5G52780.1
Cluster 2	AT2G37470.1
Cluster 2	AT3G09880.1
Cluster 2	AT1G67690.1
Cluster 2	AT5G62880.1
Cluster 2	AT4G18590.1
Cluster 2	AT1G49890.1
Cluster 2	AT1G04220.1
Cluster 2	AT1G24620.1
Cluster 2	AT3G44380.1
Cluster 2	AT5G60340.1
Cluster 2	AT5G66860.1
Cluster 2	AT1G16970.1
Cluster 2	AT5G14105.1
Cluster 2	AT5G62550.1
Cluster 2	AT1G70810.1
Cluster 2	AT3G28030.1
Cluster 2	AT1G69410.1
Cluster 2	AT1G23280.1
Cluster 2	AT5G44700.1
Cluster 2	AT3G63070.1
Cluster 2	AT4G37470.1
Cluster 2	AT3G14100.1
Cluster 2	AT1G14920.1
Cluster 2	AT4G21380.1
Cluster 2	AT1G06660.1
Cluster 2	ATCG00420.1
Cluster 2	AT1G74250.1
Cluster 2	AT4G01220.1
Cluster 2	AT3G15480.1
Cluster 2	AT3G24360.1
Cluster 2	AT2G40110.1
Cluster 2	AT5G28470.1
Cluster 2	AT1G27400.1
Cluster 2	AT3G47700.1
Cluster 2	AT5G27280.1
Cluster 3	AT2G20610.1
Cluster 3	AT1G75350.1
Cluster 3	AT1G16880.1
Cluster 3	AT1G22760.1
Cluster 3	AT4G11010.1
Cluster 3	AT1G09640.1
Cluster 3	AT1G32470.1
Cluster 3	AT5G11810.1
Cluster 3	AT2G01600.1
Cluster 3	AT5G63140.1
Cluster 3	AT1G66260.2
Cluster 3	AT1G32090.1
Cluster 3	AT1G14710.2
Cluster 3	AT5G64350.1
Cluster 3	AT2G39260.1
Cluster 3	AT2G22480.1
Cluster 3	AT2G36070.1
Cluster 3	AT4G02530.1
Cluster 3	AT5G03650.1
Cluster 3	AT1G02305.1
Cluster 3	AT3G60190.1
Cluster 3	AT1G53210.1
Cluster 3	AT4G18440.1
Cluster 3	AT2G41040.1
Cluster 3	AT3G02875.1
Cluster 3	AT1G30820.1
Cluster 3	AT1G59760.1
Cluster 3	AT4G37870.1
Cluster 3	AT3G08530.1
Cluster 3	AT1G02790.1
Cluster 3	AT1G65270.3
Cluster 3	AT2G26990.1
Cluster 3	AT1G01800.1
Cluster 3	AT4G35250.1
Cluster 3	AT2G24820.1
Cluster 3	AT1G16210.1
Cluster 3	AT1G09430.1
Cluster 3	AT2G19570.1
Cluster 3	AT1G72290.1
Cluster 3	AT4G03550.1
Cluster 3	AT2G40890.1
Cluster 3	AT5G10300.1
Cluster 3	AT3G54010.1
Cluster 3	AT3G08560.1
Cluster 3	AT5G22010.1
Cluster 3	AT4G00990.1
Cluster 3	AT5G49360.1
Cluster 3	AT5G10860.1
Cluster 3	AT5G63800.1
Cluster 3	AT3G56310.1
Cluster 3	AT3G10570.1
Cluster 3	AT2G28100.1
Cluster 3	AT2G43360.1
Cluster 3	AT1G70310.1
Cluster 3	AT3G27530.1
Cluster 3	AT5G54270.1
Cluster 3	AT5G27600.1
Cluster 3	AT5G03940.1
Cluster 3	AT1G64970.1
Cluster 3	AT4G12740.1
Cluster 3	AT2G31810.1
Cluster 3	AT1G18280.1
Cluster 3	AT2G35370.1
Cluster 3	AT4G29130.1
Cluster 3	AT3G57650.1
Cluster 3	AT1G79150.1
Cluster 3	AT1G30530.1
Cluster 3	AT4G04950.1
Cluster 3	AT1G10270.1
Cluster 3	AT1G54780.1
Cluster 3	AT4G34890.1
Cluster 3	AT1G48620.1
Cluster 3	AT1G33410.1
Cluster 3	AT1G62660.1
Cluster 3	AT3G55430.1
Cluster 3	AT5G58230.1
Cluster 3	AT5G18520.1
Cluster 3	AT1G03090.2
Cluster 3	AT1G55570.1
Cluster 3	AT1G51510.1
Cluster 3	AT5G01590.1
Cluster 3	AT1G12780.1
Cluster 3	AT1G73720.1
Cluster 3	AT3G62560.1
Cluster 3	AT5G42820.2
Cluster 3	AT2G41530.1
Cluster 3	AT2G37230.1
Cluster 3	AT5G35700.1
Cluster 3	AT3G12050.1
Cluster 3	AT4G22570.1
Cluster 3	ATCG01310.1
Cluster 3	AT4G05160.1
Cluster 3	AT5G03300.1
Cluster 3	AT5G47760.1
Cluster 3	AT1G66530.1
Cluster 3	AT5G15650.1
Cluster 3	AT5G51570.1
Cluster 3	AT2G45030.1
Cluster 3	AT4G31120.1
Cluster 3	AT1G02560.1
Cluster 3	ATCG00470.1
Cluster 3	AT5G47890.1
Cluster 3	AT5G25880.1
Cluster 3	AT5G51280.1
Cluster 3	AT5G63120.2
Cluster 3	AT2G45000.1
Cluster 3	AT2G28900.1
Cluster 3	AT4G27520.1
Cluster 3	AT2G16780.1
Cluster 3	AT2G20450.1
Cluster 3	AT1G27680.1
Cluster 3	AT4G00620.1
Cluster 3	AT5G01530.1
Cluster 3	AT1G22940.1
Cluster 3	AT1G35580.2
Cluster 3	AT4G31810.1
Cluster 3	AT3G57330.1
Cluster 3	AT3G01670.1
Cluster 3	AT4G10050.1
Cluster 3	AT1G27390.1
Cluster 3	AT1G49970.1
Cluster 3	AT3G59480.1
Cluster 3	AT1G67560.1
Cluster 3	AT3G18790.1
Cluster 3	AT2G47330.1
Cluster 3	AT5G53850.2
Cluster 3	AT1G60780.1
Cluster 3	AT1G67120.1
Cluster 3	AT5G35430.1
Cluster 3	AT4G35260.1
Cluster 3	AT2G24050.1
Cluster 3	AT2G35690.1
Cluster 3	AT1G77710.1
Cluster 3	AT1G07360.1
Cluster 3	AT5G57460.1
Cluster 3	AT3G43520.1
Cluster 3	AT3G03710.1
Cluster 3	AT5G62810.1
Cluster 3	AT2G24210.1
Cluster 3	AT3G10670.1
Cluster 3	AT3G12260.1
Cluster 3	AT4G39730.1
Cluster 3	AT3G01680.1
Cluster 3	AT4G09020.1
Cluster 3	AT2G06210.1
Cluster 3	AT2G29570.1
Cluster 3	AT3G18600.1
Cluster 3	AT2G18900.1
Cluster 3	AT2G34460.1
Cluster 3	AT4G27640.1
Cluster 3	AT3G47960.1
Cluster 3	AT4G37000.1
Cluster 3	AT1G79350.1
Cluster 3	AT4G33760.1
Cluster 3	AT4G04340.3
Cluster 3	AT2G44640.1
Cluster 3	AT5G19485.1
Cluster 3	AT1G47710.1
Cluster 3	AT3G05680.2
Cluster 3	AT1G64550.1
Cluster 3	AT5G58710.1
Cluster 3	AT3G63410.1
Cluster 3	AT1G54490.1
Cluster 3	AT5G12040.1
Cluster 3	AT4G29350.1
Cluster 3	AT5G53170.1
Cluster 3	AT3G28710.1
Cluster 3	AT1G68750.1
Cluster 3	AT4G15560.1
Cluster 3	AT4G17170.1
Cluster 3	AT2G21330.1
Cluster 3	AT2G30060.1
Cluster 3	AT4G00170.1
Cluster 3	AT1G74210.1
Cluster 3	AT3G07850.1
Cluster 3	AT4G17040.1
Cluster 3	AT3G27820.1
Cluster 3	AT1G29140.1
Cluster 3	AT4G25130.1
Cluster 3	AT3G14890.1
Cluster 3	AT1G56360.1
Cluster 3	AT4G20890.1
Cluster 3	AT3G10050.1
Cluster 3	AT5G47570.1
Cluster 3	AT2G07050.1
Cluster 3	AT3G20320.1
Cluster 3	AT1G16870.1
Cluster 3	AT3G17760.2
Cluster 3	AT4G11120.1
Cluster 3	AT5G38660.2
Cluster 3	AT3G51310.1
Cluster 3	AT1G51110.1
Cluster 3	AT4G17530.1
Cluster 3	AT5G46750.1
Cluster 3	AT4G10070.1
Cluster 3	AT1G51680.1
Cluster 3	ATCG00720.1
Cluster 3	ATCG00770.1
Cluster 3	AT3G13330.1
Cluster 3	AT1G05500.1
Cluster 3	AT4G14570.1
Cluster 3	AT5G67560.1
Cluster 3	AT5G42890.1
Cluster 3	AT5G18110.1
Cluster 3	AT4G30530.1
Cluster 3	AT1G74020.1
Cluster 3	AT4G33030.1
Cluster 3	AT3G56340.1
Cluster 3	AT5G50370.1
Cluster 3	AT4G10300.1
Cluster 3	ATCG00580.1
Cluster 3	AT1G61580.1
Cluster 3	AT5G13010.1
Cluster 3	AT4G25970.1
Cluster 3	AT1G75330.1
Cluster 3	AT1G77670.1
Cluster 3	AT4G01900.1
Cluster 3	AT5G45390.1
Cluster 3	AT1G80750.1
Cluster 3	AT3G16480.1
Cluster 3	ATCG00790.1
Cluster 3	AT5G25060.1
Cluster 3	AT3G53130.1
Cluster 3	AT5G42480.1
Cluster 3	AT1G43860.1
Cluster 3	AT2G05170.1
Cluster 3	AT3G23780.2
Cluster 3	AT1G55890.1
Cluster 3	AT1G32780.1
Cluster 3	AT2G45790.1
Cluster 3	AT5G48020.1
Cluster 3	AT1G74540.1
Cluster 3	AT5G19370.1
Cluster 3	AT2G01470.1
Cluster 3	AT5G13640.1
Cluster 3	AT5G58440.1
Cluster 3	AT2G20690.1
Cluster 3	AT1G56050.1
Cluster 3	AT5G65950.1
Cluster 3	AT3G51590.1
Cluster 3	AT3G55120.1
Cluster 3	AT5G13930.1
Cluster 3	AT1G75200.1
Cluster 3	AT5G24650.1
Cluster 3	AT1G03680.1
Cluster 3	AT1G63180.1
Cluster 3	AT2G43950.1
Cluster 3	AT5G42390.1
Cluster 3	AT3G54840.1
Cluster 3	AT5G46280.1
Cluster 3	AT4G24510.1
Cluster 3	AT3G55260.1
Cluster 3	AT2G27920.1
Cluster 3	AT5G04740.1
Cluster 3	AT1G31970.1
Cluster 3	AT1G76080.1
Cluster 3	AT1G18150.3
Cluster 3	AT2G36580.1
Cluster 3	AT5G66590.1
Cluster 3	AT5G13690.1
Cluster 3	AT1G72260.1
Cluster 3	AT3G19420.1
Cluster 3	AT1G04980.1
Cluster 3	AT3G60830.1
Cluster 3	AT3G03980.1
Cluster 3	AT3G09740.1
Cluster 3	AT3G09670.2
Cluster 3	AT1G09830.1
Cluster 3	AT1G17220.1
Cluster 3	AT5G05000.3
Cluster 3	AT1G20630.1
Cluster 3	AT2G38230.1
Cluster 3	AT3G17940.1
Cluster 3	AT4G34230.2
Cluster 3	AT3G15190.1
Cluster 3	AT5G56010.1
Cluster 3	AT1G27310.1
Cluster 3	AT5G12470.1
Cluster 3	AT3G01910.1
Cluster 3	AT1G66240.1
Cluster 3	AT4G00490.1
Cluster 3	AT1G72610.1
Cluster 3	AT1G80230.1
Cluster 3	AT1G75270.1
Cluster 3	AT1G65650.1
Cluster 3	AT2G38550.1
Cluster 3	AT5G67530.1
Cluster 3	AT3G60245.1
Cluster 3	AT4G25370.1
Cluster 3	AT1G56500.1
Cluster 3	AT2G32850.2
Cluster 3	AT4G32770.1
Cluster 3	AT2G32520.1
Cluster 3	AT1G07250.1
Cluster 3	AT3G53990.1
Cluster 3	AT5G48030.1
Cluster 3	AT3G15450.1
Cluster 3	AT2G03150.1
Cluster 3	AT5G52310.1
Cluster 3	AT5G01750.2
Cluster 3	AT5G32470.1
Cluster 3	AT3G47930.1
Cluster 3	AT5G14950.1
Cluster 3	AT1G09020.1
Cluster 3	AT1G50920.1
Cluster 3	AT1G60170.1
Cluster 3	AT5G57020.1
Cluster 3	AT5G63980.1
Cluster 3	AT3G19020.1
Cluster 3	AT1G49820.1
Cluster 3	AT2G34970.1
Cluster 3	AT3G14790.1
Cluster 3	AT4G12130.1
Cluster 3	AT3G13290.1
Cluster 3	AT1G68530.1
Cluster 3	AT5G50960.1
Cluster 4	AT1G29350.1
Cluster 4	AT5G15810.1
Cluster 4	AT3G54210.1
Cluster 4	AT1G26480.1
Cluster 4	AT2G40290.1
Cluster 4	AT3G61140.1
Cluster 4	AT5G61970.1
Cluster 4	AT3G10370.1
Cluster 4	AT4G34350.1
Cluster 4	AT1G55480.1
Cluster 4	AT5G04130.1
Cluster 4	AT5G02490.1
Cluster 4	AT2G44650.1
Cluster 4	AT4G39660.1
Cluster 4	AT1G34130.1
Cluster 4	AT4G19710.2
Cluster 4	AT1G75910.1
Cluster 4	AT5G48650.1
Cluster 4	AT3G03060.1
Cluster 4	AT3G61130.1
Cluster 4	AT3G48710.1
Cluster 4	AT1G69250.1
Cluster 4	AT5G08060.1
Cluster 4	AT4G10920.2
Cluster 4	AT3G48990.1
Cluster 4	AT5G39410.1
Cluster 4	AT1G44170.2
Cluster 4	AT3G17770.1
Cluster 4	AT1G11910.1
Cluster 4	AT1G20950.1
Cluster 4	AT4G15900.1
Cluster 4	AT3G16170.1
Cluster 4	AT5G23575.1
Cluster 4	AT5G28900.1
Cluster 4	AT4G30890.3
Cluster 4	AT5G02960.1
Cluster 4	AT5G61170.1
Cluster 4	AT1G35680.1
Cluster 4	ATMG00640.1
Cluster 4	AT2G26890.1
Cluster 4	AT1G65590.1
Cluster 4	AT3G11964.1
Cluster 4	AT1G20020.1
Cluster 4	AT2G41620.1
Cluster 4	AT5G03740.1
Cluster 4	AT1G12920.1
Cluster 4	AT4G16143.2
Cluster 4	AT5G11520.1
Cluster 4	ATCG00800.1
Cluster 4	AT4G01150.1
Cluster 4	AT3G16110.1
Cluster 4	AT5G62410.1
Cluster 4	AT3G57150.1
Cluster 4	AT5G27120.1
Cluster 4	AT5G23740.1
Cluster 4	AT4G34740.1
Cluster 4	AT5G50000.1
Cluster 4	AT1G79230.1
Cluster 4	AT1G13900.1
Cluster 4	AT5G54900.1
Cluster 4	AT5G54960.1
Cluster 4	AT3G07100.1
Cluster 4	ATCG00810.1
Cluster 4	AT4G33355.1
Cluster 4	AT3G60600.1
Cluster 4	AT1G55670.1
Cluster 4	AT4G31160.1
Cluster 4	AT5G65750.1
Cluster 4	ATCG00170.1
Cluster 4	AT4G03190.1
Cluster 4	AT1G10580.1
Cluster 4	AT1G75990.1
Cluster 4	AT1G09795.1
Cluster 4	AT2G30200.1
Cluster 4	AT5G48140.1
Cluster 4	AT1G74100.1
Cluster 4	AT5G19620.1
Cluster 4	AT3G11980.1
Cluster 4	AT3G07050.1
Cluster 4	AT5G55920.1
Cluster 4	AT1G11680.1
Cluster 4	AT1G05180.1
Cluster 4	AT1G77120.1
Cluster 4	AT5G67030.1
Cluster 4	AT5G67590.1
Cluster 4	AT1G10290.1
Cluster 4	AT2G16440.1
Cluster 4	AT5G14320.1
Cluster 4	AT2G34680.1
Cluster 4	AT3G19620.1
Cluster 4	AT1G26830.1
Cluster 4	AT4G13340.1
Cluster 4	AT1G54870.1
Cluster 4	AT5G19690.1
Cluster 4	AT5G66120.2
Cluster 4	AT2G26910.1
Cluster 4	AT4G03080.1
Cluster 4	AT5G53560.1
Cluster 4	AT5G64440.1
Cluster 4	ATMG00510.1
Cluster 4	AT2G31660.1
Cluster 4	AT1G14810.1
Cluster 4	AT3G28500.1
Cluster 4	AT2G04400.1
Cluster 4	AT5G38830.1
Cluster 4	AT4G28470.1
Cluster 4	AT5G45280.2
Cluster 4	AT5G48580.1
Cluster 4	AT3G55010.2
Cluster 4	AT5G42980.1
Cluster 4	AT2G47390.1
Cluster 4	AT5G05780.1
Cluster 4	AT3G26720.1
Cluster 4	AT3G58750.1
Cluster 4	AT1G22410.1
Cluster 4	AT5G14800.1
Cluster 4	AT5G53400.1
Cluster 4	AT1G22840.1
Cluster 4	AT4G05390.1
Cluster 4	AT1G12050.1
Cluster 4	AT4G02060.2
Cluster 4	AT3G47800.1
Cluster 4	AT4G33865.1
Cluster 4	AT5G62190.1
Cluster 4	AT5G24770.1
Cluster 4	AT1G74030.1
Cluster 4	AT2G21160.1
Cluster 4	AT5G35790.1
Cluster 4	AT3G61650.1
Cluster 4	AT3G42050.1
Cluster 4	AT1G75660.1
Cluster 4	AT4G24550.2
Cluster 4	AT5G13630.1
Cluster 4	AT1G06290.1
Cluster 4	AT4G24270.2
Cluster 4	AT5G14170.1
Cluster 4	AT1G35720.1
Cluster 4	AT5G49970.1
Cluster 4	AT3G50670.1
Cluster 4	AT4G35850.1
Cluster 4	AT3G26560.1
Cluster 4	AT5G03160.1
Cluster 4	AT2G29560.1
Cluster 4	AT2G43090.1
Cluster 4	AT1G67680.1
Cluster 4	AT5G65360.1
Cluster 4	AT2G37990.1
Cluster 4	AT4G03520.1
Cluster 4	AT5G09880.1
Cluster 4	AT5G19180.1
Cluster 4	AT5G28540.1
Cluster 4	AT5G24490.1
Cluster 4	AT5G20920.3
Cluster 4	AT2G42910.1
Cluster 4	AT1G48900.1
Cluster 4	AT1G08130.1
Cluster 4	AT5G58470.2
Cluster 4	AT4G25210.1
Cluster 4	AT3G06580.1
Cluster 4	AT3G56940.1
Cluster 4	AT2G43770.1
Cluster 4	AT3G10850.1
Cluster 4	AT5G49910.1
Cluster 4	AT3G55360.1
Cluster 4	AT5G40770.1
Cluster 4	AT4G39520.1
Cluster 4	AT2G29690.1
Cluster 4	AT2G03820.1
Cluster 4	AT1G32990.1
Cluster 4	AT1G31180.1
Cluster 4	AT2G40030.1
Cluster 4	AT4G04020.1
Cluster 4	AT3G62310.1
Cluster 4	AT5G10920.1
Cluster 4	AT5G52240.1
Cluster 4	AT2G04520.1
Cluster 4	AT1G80930.1
Cluster 4	AT5G60160.1
Cluster 4	AT5G15400.1
Cluster 4	AT1G60770.1
Cluster 4	AT3G06810.1
Cluster 4	AT5G18170.1
Cluster 4	AT5G06460.1
Cluster 4	AT4G02580.1
Cluster 4	AT5G22640.1
Cluster 4	ATCG00130.1
Cluster 4	AT4G26780.1
Cluster 4	AT5G17070.1
Cluster 4	AT1G16080.1
Cluster 4	AT3G01480.1
Cluster 4	AT3G61050.2
Cluster 4	AT2G45990.2
Cluster 4	AT4G32260.1
Cluster 4	AT3G62530.1
Cluster 4	AT2G03510.1
Cluster 4	AT5G28060.1
Cluster 4	AT4G08870.1
Cluster 4	AT5G10170.1
Cluster 4	AT5G48600.2
Cluster 4	AT4G23680.1
Cluster 4	AT1G47420.1
Cluster 4	AT2G20190.1
Cluster 4	AT3G55460.1
Cluster 4	AT5G19510.1
Cluster 4	AT1G31812.1
Cluster 4	AT5G66420.2
Cluster 4	AT1G67930.1
Cluster 4	AT3G62600.1
Cluster 4	AT1G24180.1
Cluster 4	AT5G13510.1
Cluster 4	AT2G05100.1
Cluster 4	AT3G17020.1
Cluster 4	AT1G66580.1
Cluster 4	AT5G52640.1
Cluster 4	AT2G17980.1
Cluster 4	AT1G71270.1
Cluster 4	AT2G18770.1
Cluster 4	AT1G63000.1
Cluster 4	AT1G47200.1
Cluster 4	AT5G11770.1
Cluster 4	AT1G63660.1
Cluster 4	AT2G47980.1
Cluster 4	AT5G16715.1
Cluster 4	AT5G17310.2
Cluster 4	ATCG01060.1
Cluster 4	AT5G43600.1
Cluster 4	AT1G53280.1
Cluster 4	AT3G55400.1
Cluster 4	AT5G13850.1
Cluster 4	AT2G27600.1
Cluster 4	AT2G36910.1
Cluster 4	AT4G23650.1
Cluster 4	AT3G13570.1
Cluster 4	AT5G63420.1
Cluster 4	AT5G56350.1
Cluster 4	AT5G14590.1
Cluster 4	AT2G29550.1
Cluster 4	AT1G15130.1
Cluster 4	AT3G27380.2
Cluster 4	AT5G51660.1
Cluster 4	AT5G05170.1
Cluster 4	AT2G01720.1
Cluster 4	AT5G44340.1
Cluster 4	AT3G12390.1
Cluster 4	AT3G17970.1
Cluster 4	AT5G16620.1
Cluster 4	ATCG01240.1
Cluster 4	AT5G56630.1
Cluster 4	AT5G15490.1
Cluster 4	AT2G28190.1
Cluster 4	AT3G46780.1
Cluster 4	AT3G11450.1
Cluster 4	AT4G23100.3
Cluster 4	AT2G03440.1
Cluster 4	AT1G79010.1
Cluster 4	AT1G09760.1
Cluster 4	AT3G63520.1
Cluster 4	AT3G44600.1
Cluster 4	AT5G39510.1
Cluster 4	AT1G54410.1
Cluster 4	AT5G51430.1
Cluster 5	AT4G15545.1
Cluster 5	AT2G38560.1
Cluster 5	AT4G29220.1
Cluster 5	AT1G24050.1
Cluster 5	AT2G18510.1
Cluster 5	AT3G56640.1
Cluster 5	AT5G65220.1
Cluster 5	AT1G54340.1
Cluster 5	AT2G37690.1
Cluster 5	AT1G69940.1
Cluster 5	AT1G25420.1
Cluster 5	AT5G42570.1
Cluster 5	AT2G31790.1
Cluster 5	AT1G09870.1
Cluster 5	AT4G27320.1
Cluster 5	AT4G29510.1
Cluster 5	AT4G24840.1
Cluster 5	AT1G77122.1
Cluster 5	AT5G18070.1
Cluster 5	AT2G02740.1
Cluster 5	AT2G33220.1
Cluster 5	AT5G51840.1
Cluster 5	AT4G29720.1
Cluster 5	AT4G32640.2
Cluster 5	AT1G09150.1
Cluster 5	AT1G02140.1
Cluster 5	AT5G12200.1
Cluster 5	AT3G61860.1
Cluster 5	AT5G49570.1
Cluster 5	AT5G54810.1
Cluster 5	AT2G34790.1
Cluster 5	AT3G07680.1
Cluster 5	AT5G64300.1
Cluster 5	AT1G14570.2
Cluster 5	AT5G23900.1
Cluster 5	AT1G08970.4
Cluster 5	AT4G28510.1
Cluster 5	AT3G25770.1
Cluster 5	AT1G31910.1
Cluster 5	AT3G20000.1
Cluster 5	AT2G26930.1
Cluster 5	AT5G20990.1
Cluster 5	AT2G33450.1
Cluster 5	AT2G26900.1
Cluster 5	AT4G21670.1
Cluster 5	AT2G43980.1
Cluster 5	AT4G04770.1
Cluster 5	AT4G23560.1
Cluster 5	AT3G58660.1
Cluster 5	AT1G66670.1
Cluster 5	AT1G55090.1
Cluster 5	AT4G34910.1
Cluster 5	AT5G52470.1
Cluster 5	AT4G33670.1
Cluster 5	AT5G16400.1
Cluster 5	AT5G03280.1
Cluster 5	AT4G00238.1
Cluster 5	AT5G43330.1
Cluster 5	AT1G33680.1
Cluster 5	AT5G11720.1
Cluster 5	AT3G23920.1
Cluster 5	AT4G32910.1
Cluster 5	AT3G10060.1
Cluster 5	AT1G26570.1
Cluster 5	AT3G55610.1
Cluster 5	AT5G06830.1
Cluster 5	AT5G22330.1
Cluster 5	AT2G40100.1
Cluster 5	AT3G10340.1
Cluster 5	AT5G36160.1
Cluster 5	AT4G09570.1
Cluster 5	AT3G49080.1
Cluster 5	AT4G20940.1
Cluster 5	AT2G30000.1
Cluster 5	AT1G42470.1
Cluster 5	AT4G08025.1
Cluster 5	AT1G73180.1
Cluster 5	AT4G38460.1
Cluster 5	AT4G34030.1
Cluster 5	AT1G44820.1
Cluster 5	AT1G70820.1
Cluster 5	AT5G47930.1
Cluster 5	AT4G05410.1
Cluster 5	AT5G44720.1
Cluster 5	AT3G61070.3
Cluster 5	AT2G35450.1
Cluster 5	AT4G30950.1
Cluster 5	AT1G03600.1
Cluster 5	ATCG01280.1
Cluster 5	AT4G20460.1
Cluster 5	AT4G14960.2
Cluster 5	AT2G40650.1
Cluster 5	AT5G58030.1
Cluster 5	AT5G08550.1
Cluster 5	AT1G61690.1
Cluster 5	AT5G60090.1
Cluster 5	AT2G38270.1
Cluster 5	AT4G16190.1
Cluster 5	AT1G77470.1
Cluster 5	AT4G25550.1
Cluster 5	AT5G62270.2
Cluster 5	AT3G27240.1
Cluster 5	AT1G01910.4
Cluster 5	AT3G21200.1
Cluster 5	AT3G46560.1
Cluster 5	AT5G40200.1
Cluster 5	AT3G15090.1
Cluster 5	AT1G21700.1
Cluster 5	AT4G35230.1
Cluster 5	AT1G31860.1
Cluster 5	AT3G12670.1
Cluster 5	AT3G47470.1
Cluster 5	AT1G20510.1
Cluster 5	AT3G02720.1
Cluster 5	AT5G02770.1
Cluster 5	AT5G08740.1
Cluster 5	AT3G24480.1
Cluster 5	AT4G29160.3
Cluster 5	AT1G11580.1
Cluster 5	AT3G56650.1
Cluster 5	AT5G08420.1
Cluster 5	ATMG00160.1
Cluster 5	AT3G13110.1
Cluster 5	AT3G57530.1
Cluster 5	AT4G04040.1
Cluster 5	AT3G42660.1
Cluster 5	AT3G07480.1
Cluster 5	AT3G56490.1
Cluster 5	AT4G17600.1
Cluster 5	AT3G06035.1
Cluster 5	AT5G02160.1
Cluster 5	AT5G43430.1
Cluster 5	AT4G28440.1
Cluster 5	AT5G21105.1
Cluster 5	AT5G64200.2
Cluster 5	AT3G18130.1
Cluster 5	AT1G02150.1
Cluster 5	AT5G08180.2
Cluster 5	AT5G64370.1
Cluster 5	AT3G16060.1
Cluster 5	AT2G45730.1
Cluster 5	AT2G47450.1
Cluster 5	AT1G68830.1
Cluster 5	AT5G16750.1
Cluster 5	AT3G45600.1
Cluster 5	AT5G08650.1
Cluster 5	AT1G15810.1
Cluster 5	AT2G27510.1
Cluster 5	AT5G39320.1
Cluster 5	AT3G51840.1
Cluster 5	AT4G18800.1
Cluster 5	AT1G36390.2
Cluster 5	AT1G22920.1
Cluster 5	AT1G12800.1
Cluster 5	AT4G39090.1
Cluster 5	AT1G12410.1
Cluster 5	AT5G50210.1
Cluster 5	AT5G14580.1
Cluster 5	AT4G40042.1
Cluster 5	AT5G16210.1
Cluster 5	AT1G26880.1
Cluster 5	AT1G63160.1
Cluster 5	AT2G40765.1
Cluster 5	AT1G19520.1
Cluster 5	AT3G50360.1
Cluster 5	AT3G09810.1
Cluster 5	AT2G21440.1
Cluster 5	AT4G04970.1
Cluster 5	AT4G21800.2
Cluster 5	AT1G08660.1
Cluster 5	AT4G14230.1
Cluster 5	AT4G12590.1
Cluster 5	AT4G04210.1
Cluster 5	AT4G23710.1
Cluster 5	AT5G05520.1
Cluster 5	AT4G32410.1
Cluster 5	AT1G53645.1
Cluster 5	AT4G37550.1
Cluster 5	AT4G29380.1
Cluster 5	AT5G57440.1
Cluster 5	AT1G66070.2
Cluster 5	AT5G67510.1
Cluster 5	AT4G11060.1
Cluster 5	AT3G11540.1
Cluster 5	AT1G08190.1
Cluster 5	AT5G14050.1
Cluster 5	AT5G54600.1
Cluster 5	AT1G30000.1
Cluster 5	AT5G42650.1
Cluster 5	AT5G50320.1
Cluster 5	AT1G01280.1
Cluster 5	AT5G37600.1
Cluster 5	AT3G60340.2
Cluster 5	AT5G14060.2
Cluster 5	AT3G51780.1
Cluster 5	AT1G13320.3
Cluster 5	AT5G64420.1
Cluster 5	AT4G17720.1
Cluster 5	AT4G30340.1
Cluster 5	AT3G51000.1
Cluster 5	AT4G34640.1
Cluster 5	AT1G47290.2
Cluster 5	AT2G35020.1
Cluster 5	AT3G48170.1
Cluster 5	AT5G07990.1
Cluster 5	AT2G21410.1
Cluster 5	AT3G04480.1
Cluster 5	AT4G25730.1
Cluster 5	AT4G38760.1
Cluster 5	AT5G16240.1
Cluster 5	AT4G27450.1
Cluster 5	AT1G53580.1
Cluster 5	AT5G19010.1
Cluster 5	AT5G61910.4
Cluster 5	ATCG00570.1
Cluster 5	AT1G65980.1
Cluster 5	AT1G69200.1
Cluster 5	ATCG00780.1
Cluster 5	AT4G31700.1
Cluster 5	AT3G04490.1
Cluster 5	AT4G30930.1
Cluster 5	AT3G27670.1
Cluster 5	AT4G35860.1
Cluster 5	AT1G65450.1
Cluster 5	AT2G07340.1
Cluster 5	AT3G06540.1
Cluster 5	AT1G23100.1
Cluster 5	AT4G27060.1
Cluster 5	AT2G23820.2
Cluster 5	AT4G36940.1
Cluster 5	AT5G18200.1
Cluster 5	AT3G04930.1
Cluster 5	AT2G26060.1
Cluster 5	AT4G16160.2
Cluster 5	AT4G04350.1
Cluster 5	AT5G27740.1
Cluster 5	AT2G41630.1
Cluster 5	AT5G10950.1
Cluster 5	AT1G30630.1
Cluster 5	AT3G03920.1
Cluster 5	AT1G27595.1
Cluster 5	AT3G55000.1
Cluster 5	AT3G23620.1
Cluster 5	AT4G26500.1
Cluster 5	AT1G67630.1
Cluster 5	AT3G11820.1
Cluster 5	AT5G48760.2
Cluster 5	AT5G38470.1
Cluster 5	AT1G03110.1
Cluster 5	AT4G30440.1
Cluster 5	AT1G21880.2
Cluster 5	AT4G12800.1
Cluster 5	AT5G48570.1
Cluster 5	AT2G26230.1
Cluster 5	AT5G37300.1
Cluster 5	AT5G66020.1
Cluster 5	AT2G21130.1
Cluster 5	AT3G07420.1
Cluster 5	AT4G39970.1
Cluster 5	ATCG01120.1
Cluster 5	AT3G42850.1
Cluster 5	AT2G32600.1
Cluster 5	AT3G53650.1
Cluster 5	AT4G23940.1
Cluster 5	AT2G47960.1
Cluster 5	AT5G51720.1
Cluster 5	AT5G22430.1
Cluster 5	AT1G66680.1
Cluster 5	AT2G36130.1
Cluster 5	AT3G59540.1
Cluster 5	AT2G38140.1
Cluster 5	AT1G30380.1
Cluster 5	AT5G08050.1
Cluster 5	AT1G79460.1
Cluster 5	AT4G20410.1
Cluster 5	AT2G26460.1
Cluster 5	AT1G79920.1
Cluster 5	AT2G35635.1
Cluster 5	AT3G25110.1
Cluster 5	AT1G32050.1
Cluster 5	AT3G11770.1
Cluster 5	AT3G45780.2
Cluster 5	AT1G73080.1
Cluster 5	AT2G43400.1
Cluster 5	AT2G05830.1
Cluster 5	AT2G33255.1
Cluster 5	AT4G30800.1
Cluster 5	AT4G34700.1
Cluster 5	AT4G01690.1
Cluster 5	AT2G18700.1
Cluster 5	AT1G64190.1
Cluster 5	AT5G49720.1
Cluster 5	AT3G46100.1
Cluster 5	AT5G49880.1
Cluster 5	AT3G58560.1
Cluster 5	AT4G17300.1
Cluster 5	AT5G22480.1
Cluster 5	AT3G48430.1
Cluster 5	AT5G10260.1
Cluster 5	AT3G15290.1
Cluster 5	AT5G57800.1
Cluster 5	AT1G25260.1
Cluster 5	AT3G13160.1
Cluster 5	AT1G59820.1
Cluster 5	AT1G08200.1
Cluster 5	AT1G20110.1
Cluster 5	AT2G47990.1
Cluster 5	AT4G04320.1
Cluster 5	ATMG00560.1
Cluster 5	AT5G63190.2
Cluster 5	AT4G11740.1
Cluster 5	ATCG00750.1
Cluster 5	AT5G50310.1
Cluster 5	AT2G33610.1
Cluster 5	ATCG00190.1
Cluster 5	AT3G52580.1
Cluster 5	AT2G03870.2
Cluster 5	AT4G11980.1
Cluster 5	ATCG01020.1
Cluster 5	AT5G12410.1
Cluster 5	AT2G19070.1
Cluster 5	AT5G56870.1
Cluster 5	AT2G15620.1
Cluster 5	AT4G36400.2
Cluster 5	AT5G65900.1
Cluster 5	AT2G35120.1
Cluster 5	AT2G25450.1
Cluster 5	AT4G38690.1
Cluster 5	AT1G13140.1
Cluster 5	AT3G19450.1
Cluster 5	AT5G11900.1
Cluster 5	AT2G24490.2
Cluster 5	AT3G18480.1
Cluster 5	AT5G16760.1
Cluster 5	AT2G31425.1
Cluster 5	AT1G12360.1
Cluster 5	AT5G21326.1
Cluster 5	AT1G55320.1
Cluster 5	AT4G13350.2
Cluster 5	AT1G34000.1
Cluster 5	AT1G78630.1
Cluster 5	AT3G02780.1
Cluster 5	AT1G02330.1
Cluster 5	AT4G18240.1
Cluster 5	AT5G40610.1
Cluster 5	AT4G17260.1
Cluster 5	AT2G38730.1
Cluster 5	AT2G37050.3
Cluster 5	AT1G64880.1
Cluster 5	AT2G17630.1
Cluster 5	AT1G78650.1
Cluster 5	AT3G26740.1
Cluster 5	AT5G16910.1
Cluster 5	AT5G46430.2
Cluster 5	AT1G24100.1
Cluster 5	AT3G01520.1
Cluster 5	AT1G15910.1
Cluster 5	AT5G42270.1
Cluster 5	AT1G74090.1
Cluster 5	AT4G31360.1
Cluster 5	AT3G18165.1
Cluster 5	AT5G64330.1
Cluster 5	AT2G43550.1
Cluster 5	AT4G39400.1
Cluster 5	AT5G13680.1
Cluster 5	AT3G55480.2
Cluster 5	AT3G26070.1
Cluster 5	AT5G67320.1
Cluster 5	AT3G08850.1
Cluster 5	AT3G48090.1
Cluster 5	AT4G26410.1
Cluster 5	AT2G43350.2
Cluster 5	AT5G63950.1
Cluster 5	AT4G37090.1
Cluster 5	AT1G01350.1
Cluster 5	AT3G48530.1
Cluster 5	AT2G45140.1
Cluster 5	AT2G21060.1
Cluster 5	AT5G48900.1
Cluster 5	AT2G21280.1
Cluster 5	AT3G01180.1
Cluster 5	AT2G15790.1
Cluster 5	AT5G16290.2
Cluster 5	AT3G47650.1
Cluster 5	AT4G15940.1
Cluster 5	AT1G29940.1
Cluster 5	AT2G17120.1
Cluster 5	AT5G11110.1
Cluster 5	AT3G19980.1
Cluster 5	AT5G08030.1
Cluster 5	AT3G22590.1
Cluster 5	AT5G55280.1
Cluster 5	AT2G27680.1
Cluster 5	AT1G31817.1
Cluster 5	AT4G21470.1
Cluster 5	AT2G46540.1
Cluster 5	AT1G32440.1
Cluster 5	AT5G39740.2
Cluster 5	AT5G47910.1
Cluster 5	AT3G02650.1
Cluster 5	AT3G21055.1
Cluster 5	AT1G62330.1
Cluster 5	AT5G09680.2
Cluster 5	AT2G41475.1
Cluster 5	AT3G52730.1
Cluster 5	AT2G32260.1
Cluster 5	AT3G47070.1
Cluster 5	AT5G47880.2
Cluster 5	AT5G10270.1
Cluster 5	AT5G13110.1
Cluster 5	AT1G61770.1
Cluster 5	AT3G24430.1
Cluster 5	AT3G25810.1
Cluster 5	AT3G49470.1
Cluster 5	AT1G18950.1
Cluster 5	AT5G47320.1
Cluster 5	AT5G52520.1
Cluster 5	AT4G31390.1
Cluster 5	AT3G46040.1
Cluster 5	AT5G49530.1
Cluster 5	AT5G16930.1
Cluster 5	AT2G41140.1
Cluster 5	AT3G59980.1
Cluster 5	AT1G12470.1
Cluster 5	AT3G26140.1
Cluster 5	AT2G31670.1
Cluster 5	AT3G22320.1
Cluster 5	AT4G30580.1
Cluster 5	AT1G48950.1
Cluster 5	AT3G10220.1
Cluster 5	AT1G71720.1
Cluster 5	AT3G16050.1
Cluster 5	AT1G32580.1
Cluster 5	AT2G18750.3
Cluster 5	AT3G02530.1
Cluster 5	AT2G43790.1
Cluster 5	AT3G44320.1
Cluster 5	AT1G33810.1
Cluster 5	AT3G13200.1
Cluster 5	AT2G20530.2
Cluster 5	AT3G48680.1
Cluster 5	AT2G42790.1
Cluster 5	AT5G56000.1
Cluster 5	AT1G52760.1
Cluster 5	AT3G01160.1
Cluster 5	AT5G47200.1
Cluster 5	AT4G04670.1
Cluster 5	AT5G59840.1
Cluster 5	AT1G35620.1
Cluster 5	AT1G33360.1
Cluster 5	AT1G63970.1
Cluster 5	AT2G45240.1
Cluster 5	AT5G48380.1
Cluster 5	AT1G74970.1
Cluster 5	AT5G38640.1
Cluster 5	AT1G53000.1
Cluster 5	AT1G22730.1
Cluster 5	AT1G04850.1
Cluster 5	AT3G12480.1
Cluster 5	AT2G45620.1
Cluster 5	AT4G30720.1
Cluster 5	AT1G31280.1
Cluster 5	AT1G21380.1
Cluster 5	AT1G52780.1
Cluster 5	AT1G79850.1
Cluster 5	AT1G48350.1
Cluster 5	AT5G42150.1
Cluster 5	AT2G14750.1
Cluster 5	AT4G21210.1
Cluster 5	AT5G65760.1
Cluster 5	AT2G33845.1
Cluster 5	AT2G23070.1
Cluster 5	AT3G19590.1
Cluster 5	AT1G30710.1
Cluster 5	AT2G36310.1
Cluster 5	AT5G23080.1
Cluster 5	AT3G10960.1
Cluster 5	AT5G11040.1
Cluster 5	AT4G32840.1
Cluster 5	AT4G21100.1
Cluster 5	AT2G17200.1
Cluster 5	AT5G46180.1
Cluster 5	AT5G12250.1
Cluster 5	AT5G40040.1
Cluster 5	AT3G21060.1
Cluster 5	AT3G58680.1
Cluster 5	AT4G38130.1
Cluster 5	AT4G16440.1
Cluster 5	AT5G18660.1
Cluster 5	AT4G16210.1
Cluster 5	AT1G75040.1
Cluster 5	AT5G44090.1
Cluster 5	AT4G31500.1
Cluster 5	AT1G79050.1
Cluster 5	AT2G31725.1
Cluster 5	AT1G70680.1
Cluster 5	AT1G08980.1
Cluster 5	AT4G01660.1
Cluster 5	AT2G22450.1
Cluster 5	AT1G20370.1
Cluster 5	AT1G08370.1
Cluster 5	AT5G53330.1
Cluster 5	AT3G56460.1
Cluster 5	ATCG01230.1
Cluster 5	AT1G58080.1
Cluster 5	AT1G29990.1
Cluster 5	AT3G54250.1
Cluster 5	AT4G13230.1
Cluster 5	AT3G20800.1
Cluster 5	AT4G33250.1
Cluster 5	AT1G13270.1
Cluster 5	AT4G17870.1
Cluster 5	AT5G16270.1
Cluster 5	AT5G55200.1
Cluster 5	AT3G29075.1
Cluster 5	AT1G80680.1
Cluster 5	AT1G77140.1
Cluster 5	AT1G64740.1
Cluster 5	AT1G28420.1
Cluster 5	AT1G04130.1
Cluster 5	AT3G13150.1
Cluster 5	AT1G15290.1
Cluster 5	AT2G44200.1
Cluster 5	AT2G34590.1
Cluster 5	AT3G16620.1
Cluster 5	AT5G46860.1
Cluster 5	AT1G11600.1
Cluster 5	AT5G64580.1
Cluster 5	AT4G16060.1
Cluster 5	AT3G13220.1
Cluster 5	AT5G11980.1
Cluster 5	AT1G09630.1
Cluster 5	AT2G28520.1
Cluster 5	AT1G20120.1
Cluster 5	AT5G46580.1
Cluster 5	AT1G48050.1
Cluster 5	AT5G64050.1
Cluster 5	AT1G11890.1
Cluster 5	AT1G62820.1
Cluster 5	AT2G47610.1
Cluster 5	AT5G07020.1
Cluster 5	AT2G44310.1
Cluster 5	AT5G28750.1
Cluster 5	AT5G55940.1
Cluster 5	AT5G49930.1
Cluster 5	AT2G39050.1
Cluster 5	AT3G49660.1
Cluster 5	AT2G45810.1
Cluster 5	AT5G58250.1
Cluster 5	AT5G13280.1
Cluster 5	AT3G46940.1
Cluster 5	AT5G64860.1
Cluster 5	AT1G76880.1
Cluster 5	AT1G18260.1
Cluster 5	AT3G01640.1
Cluster 5	AT4G02120.1
Cluster 5	AT3G45300.1
Cluster 5	AT1G52500.2
Cluster 5	AT1G31800.1
Cluster 5	AT4G09520.1
Cluster 5	AT5G11340.1
Cluster 5	AT4G02020.1
Cluster 5	AT2G25080.1
Cluster 5	AT2G26670.1
Cluster 5	AT1G74010.1
Cluster 5	ATCG00740.1
Cluster 5	AT1G76150.1
Cluster 5	AT1G70670.1
Cluster 5	AT2G17280.2
Cluster 5	AT2G31970.1
Cluster 5	AT5G53180.1
Cluster 5	AT1G32750.1
Cluster 5	AT3G03110.1
Cluster 5	AT4G10450.1
Cluster 5	AT1G32220.1
Cluster 5	AT4G02720.1
Cluster 5	AT5G63310.1
Cluster 5	AT1G51590.1
Cluster 5	AT2G37500.1
Cluster 5	AT3G48860.2
Cluster 5	AT3G56120.1
Cluster 5	AT3G49560.1
Cluster 5	AT5G50810.1
Cluster 5	AT3G25660.1
Cluster 5	AT3G44820.1
Cluster 5	AT3G22170.2
Cluster 5	AT3G48750.1
Cluster 5	AT1G57750.1
Cluster 5	AT2G17870.1
Cluster 5	AT2G38670.1
Cluster 5	AT5G04990.1
Cluster 5	AT5G49980.1
Cluster 5	AT2G33380.1
Cluster 5	AT3G20100.1
Cluster 5	AT5G45930.1
Cluster 5	AT2G18330.1
Cluster 5	AT4G02230.1
Cluster 5	AT1G01710.1
Cluster 5	AT1G04580.1
Cluster 5	AT1G74000.1
Cluster 5	AT1G01940.1
Cluster 5	AT5G58220.1
Cluster 5	ATCG00660.1
Cluster 5	AT3G27080.1
Cluster 5	AT2G38740.1
Cluster 5	AT3G02880.1
Cluster 5	AT4G15790.1
Cluster 5	AT3G54600.1
Cluster 5	AT5G17050.1
Cluster 5	AT5G53470.1
Cluster 5	AT1G50940.1
Cluster 5	AT3G58580.1
Cluster 5	AT4G34260.1
Cluster 5	AT5G26760.2
Cluster 5	AT3G58570.1
Cluster 5	AT2G20890.1
Cluster 5	AT5G64740.1
Cluster 5	AT1G79750.1
Cluster 5	AT1G08480.1
Cluster 5	AT3G25140.1
Cluster 5	AT1G80670.1
Cluster 5	AT1G27900.1
Cluster 5	AT4G19490.2
Cluster 5	AT2G35720.1
Cluster 5	AT5G50380.1
Cluster 5	AT1G52190.1
Cluster 5	AT3G01120.1
Cluster 5	AT4G03560.1
Cluster 5	AT5G27720.1
Cluster 5	AT1G65660.1
Cluster 5	AT1G49040.1
Cluster 5	AT1G05520.1
Cluster 5	AT3G02730.1
Cluster 5	AT3G57560.1
Cluster 5	AT2G33840.1
Cluster 5	AT3G57280.1
Cluster 5	ATMG00070.1
Cluster 5	AT3G55070.1
Cluster 5	AT1G07970.1
Cluster 5	AT3G46960.1
Cluster 5	AT5G57030.1
Cluster 5	AT3G12345.1
Cluster 5	AT4G28220.1
Cluster 5	AT4G20400.1
Cluster 5	AT2G32900.1
Cluster 5	AT2G15430.1
Cluster 5	AT4G34120.1
Cluster 5	AT5G10160.1
Cluster 5	AT1G60550.1
Cluster 5	AT5G52440.1
Cluster 5	AT5G13410.1
Cluster 5	AT5G15530.1
Cluster 5	AT3G25840.1
Cluster 5	AT3G52380.1
Cluster 5	AT3G25070.1
Cluster 5	AT2G40300.1
Cluster 5	AT3G07660.1
Cluster 5	AT3G63260.1
Cluster 5	AT5G13440.1
Cluster 5	AT1G69460.1
Cluster 5	AT1G73060.1
Cluster 5	AT3G29310.1
Cluster 5	AT5G46420.1
Cluster 5	AT1G11430.1
Cluster 5	AT1G56450.1
Cluster 5	AT1G20760.1
Cluster 5	AT2G42710.1
Cluster 5	AT5G15680.1
Cluster 5	AT2G18020.1
Cluster 5	AT5G15110.1
Cluster 5	AT1G32500.1
Cluster 5	AT1G12640.1
Cluster 5	AT4G18670.1
Cluster 5	AT2G18710.1
Cluster 5	AT5G11150.1
Cluster 5	AT5G35910.1
Cluster 5	AT3G51520.1
Cluster 5	AT5G20930.1
Cluster 5	ATCG01300.1
Cluster 5	AT5G17270.1
Cluster 5	AT3G16780.1
Cluster 5	AT3G05350.1
Cluster 5	AT3G48730.1
Cluster 5	AT2G39970.1
Cluster 5	AT1G05910.1
Cluster 5	AT3G10160.1
Cluster 5	AT2G25110.1
Cluster 5	AT2G17265.1
Cluster 5	AT1G21680.1
Cluster 5	AT1G02130.1
Cluster 5	AT5G61140.2
Cluster 5	AT3G44880.1
Cluster 5	AT5G16260.1
Cluster 5	AT1G50510.1
Cluster 5	AT2G03120.1
Cluster 5	AT2G22240.1
Cluster 5	AT5G23880.1
Cluster 5	AT1G05560.1
Cluster 5	AT3G08740.1
Cluster 5	AT5G42970.1
Cluster 5	AT3G56430.1
Cluster 5	AT1G77840.1
Cluster 5	AT4G29210.1
Cluster 5	AT1G61620.1
Cluster 5	AT3G52180.1
Cluster 5	AT1G71040.1
Cluster 5	AT1G05350.1
Cluster 5	AT1G71500.1
Cluster 5	AT2G06530.1
Cluster 5	AT4G02620.1
Cluster 5	AT2G35410.1
Cluster 5	AT3G10490.2
Cluster 5	AT2G34640.1
Cluster 5	AT2G24280.1
Cluster 5	AT2G38080.1
Cluster 5	AT1G71697.1
Cluster 5	AT5G20980.2
Cluster 5	AT5G51070.1
Cluster 5	AT1G32900.1
Cluster 5	AT3G07880.1
Cluster 5	AT2G22780.1
Cluster 5	AT3G21540.1
Cluster 5	AT1G04920.1
Cluster 5	AT1G25570.1
Cluster 5	AT1G55150.1
Cluster 5	AT5G62930.1
Cluster 5	AT5G60960.1
Cluster 5	AT5G47480.1
Cluster 5	AT1G06570.1
Cluster 5	AT1G31780.1
Cluster 5	AT3G24800.1
Cluster 5	AT5G47110.1
Cluster 5	AT2G35500.1
Cluster 5	AT4G18040.1
Cluster 5	AT1G63710.1
Cluster 5	AT4G09980.1
Cluster 5	AT4G26390.1
Cluster 5	AT3G24503.1
Cluster 5	AT1G48470.1
Cluster 5	AT3G21160.1
Cluster 5	AT1G04810.1
Cluster 5	AT2G17790.1
Cluster 5	AT1G15980.1
Cluster 5	AT2G43970.1
Cluster 5	AT3G49601.1
Cluster 5	AT3G10720.2
Cluster 5	AT3G56370.1
Cluster 5	AT1G59359.1
Cluster 5	AT1G06400.1
Cluster 5	AT1G42550.1
Cluster 5	AT5G53060.1
Cluster 5	AT1G78820.1
Cluster 5	AT4G17190.1
Cluster 5	AT5G11240.1
Cluster 5	AT1G43700.1
Cluster 5	AT3G54170.1
